Date,LogReturn
2015-01-05,0.01498000666245465
2015-01-06,0.01271065639212335
2015-01-07,-0.00716087932157311
2015-01-08,-0.0018188935745322122
2015-01-09,0.006269592809968894
2015-01-12,0.013640062420648448
2015-01-13,0.0012972013624871278
2015-01-14,8.099451778340471e-05
2015-01-15,0.0242498594504341
2015-01-16,0.009600383272961813
2015-01-20,0.013457421344314642
2015-01-21,-0.0003864137138910775
2015-01-22,0.005396251348961029
2015-01-23,-0.00624686858857903
2015-01-26,-0.010264437842764765
2015-01-27,0.009567905338056997
2015-01-28,-0.004500261174159382
2015-01-29,-0.024642104059361822
2015-01-30,0.018870738528237115
2015-02-02,-0.0018006415575542159
2015-02-03,-0.013013315577139663
2015-02-04,0.003249535378765735
2015-02-05,-0.0014253298741546375
2015-02-06,-0.022517859410575658
2015-02-09,0.005576467523877212
2015-02-10,-0.007442254987160046
2015-02-11,-0.010283266746028365
2015-02-12,0.0009019520901303559
2015-02-13,0.005231782127142109
2015-02-17,-0.015115727381669742
2015-02-18,-0.006977372496271956
2015-02-19,0.0061492836610937025
2015-02-20,-0.002239230603391369
2015-02-23,-0.0034099716670723044
2015-02-24,-0.0028366649341615255
2015-02-25,0.00341964180291274
2015-02-26,0.007135163161701397
2015-02-27,0.0024770882622964334
2015-03-02,-0.0040491106533266635
2015-03-03,-0.0030683369818883667
2015-03-04,-0.0028279353859085
2015-03-05,-0.003922351093293688
2015-03-06,-0.02695082510784794
2015-03-09,0.0019738679038005798
2015-03-10,-0.0054159159489475485
2015-03-11,-0.008135776840567531
2015-03-12,0.0012159324570827387
2015-03-13,0.0004338959677507792
2015-03-16,0.0006072017488049268
2015-03-17,-0.004344810265399723
2015-03-18,0.0026959841412746766
2015-03-19,0.015255586684473977
2015-03-20,0.013339824035723362
2015-03-23,0.0026971957568776507
2015-03-24,0.0031095972006652695
2015-03-25,0.0046882443814050614
2015-03-26,0.006493468269733933
2015-03-27,-0.004407613858515569
2015-03-30,-0.012580891750166273
2015-03-31,-0.0014359335417667746
2015-04-01,0.0209107656929285
2015-04-02,-0.005977561320432106
2015-04-06,0.014631342783434479
2015-04-07,-0.006586554489201088
2015-04-08,-0.006214545543826507
2015-04-09,-0.007927608751493799
2015-04-10,0.009173611346904613
2015-04-13,-0.004409447390731536
2015-04-14,-0.005434568565282116
2015-04-15,0.00726725079027736
2015-04-16,-0.002917276501128989
2015-04-17,0.004081828620635487
2015-04-20,-0.007845161517145325
2015-04-21,0.007845161517145236
2015-04-22,-0.013390441663967216
2015-04-23,0.006299101033358327
2015-04-24,-0.016205683354533523
2015-04-27,0.023629518711741584
2015-04-28,0.008852869596814293
2015-04-29,-0.0034655955861370943
2015-04-30,-0.022908805191481592
2015-05-01,-0.006703766742857445
2015-05-04,0.010418125460371878
2015-05-05,0.005378082159257571
2015-05-06,-0.002433315523067671
2015-05-07,-0.006659125353704526
2015-05-08,0.005650406070161
2015-05-11,-0.004974106783250917
2015-05-12,0.007913186088978619
2015-05-13,0.02140276540104405
2015-05-14,0.005728798596137671
2015-05-15,8.158275327200206e-05
2015-05-18,0.0018750657940217385
2015-05-19,-0.01716888090960008
2015-05-20,0.0016557665506276972
2015-05-21,-0.003729337524911823
2015-05-22,-8.301206705275282e-05
2015-05-26,-0.01430097352694823
2015-05-27,-0.0010955517266055808
2015-05-28,0.0018533713577155101
2015-05-29,0.0010936268834478497
2015-06-01,-0.0009252434121427846
2015-06-02,0.004868987707043961
2015-06-03,-0.007903206348653132
2015-06-04,-0.008306478391888725
2015-06-05,-0.00606137969172326
2015-06-08,0.004613337822188803
2015-06-09,0.0034887060751304954
2015-06-10,0.007446870892935644
2015-06-11,-0.005240883654242222
2015-06-12,-0.0009326965120805852
2015-06-15,0.0054989349947638985
2015-06-16,-0.004057870754626063
2015-06-17,-0.0034791290925295453
2015-06-18,0.021111827743485453
2015-06-19,0.0
2015-06-22,-0.014925691467098958
2015-06-23,-0.006356223197024235
2015-06-24,-0.0030653768027383383
2015-06-25,-0.0009385057618116827
2015-06-26,0.0011943563947357445
2015-06-29,0.004763108033599618
2015-06-30,-0.005957464428335503
2015-07-01,-0.0021362964757819457
2015-07-02,-0.005145808953403949
2015-07-06,0.008476461823921842
2015-07-07,-0.01763258994680646
2015-07-08,0.009414090400743112
2015-07-09,-0.003703271456771109
2015-07-10,-0.001122328304907492
2015-07-13,-0.002161789164397025
2015-07-14,-0.0016460063008068057
2015-07-15,-0.005303292287155819
2015-07-16,-0.0029680531118790564
2015-07-17,-0.010546766320174742
2015-07-20,-0.022426758700162933
2015-07-21,-0.002986226185725619
2015-07-22,-0.010935045842920037
2015-07-23,0.0023794058603042695
2015-07-24,-0.007707896950271182
2015-07-27,0.009990481826287456
2015-07-28,-0.0001823706384319658
2015-07-29,-0.003289265328567696
2015-07-30,-0.003942902550703331
2015-07-31,0.0059543068371229295
2015-08-03,-0.005035948817230393
2015-08-04,0.0011925388068687703
2015-08-05,-0.004594751903060489
2015-08-06,0.004136225578011975
2015-08-07,0.0035709643265033203
2015-08-10,0.00918896146112403
2015-08-11,0.003074443624916577
2015-08-12,0.01398622054471554
2015-08-13,-0.006699743964643952
2015-08-14,-0.0025127239178519196
2015-08-17,0.0051086386452189395
2015-08-18,-0.0013418618399914416
2015-08-19,0.009798760247176764
2015-08-20,0.02183246129993839
2015-08-21,0.005707855724575729
2015-08-24,-0.0053609736452838765
2015-08-25,-0.01326609907875266
2015-08-26,-0.012020629120604693
2015-08-27,-0.0019581236090830427
2015-08-28,0.009487946300354527
2015-08-31,-0.0013246789876694932
2015-09-01,0.006254679083375538
2015-09-02,-0.005459639578781788
2015-09-03,-0.007800809896323428
2015-09-04,-0.0027625341162804407
2015-09-08,-0.00017844816814424258
2015-09-09,-0.016377648027910367
2015-09-10,0.0066013252241179255
2015-09-11,-0.005422516675857549
2015-09-14,0.0037988027454549534
2015-09-15,-0.004433305016104712
2015-09-16,0.014761656297426292
2015-09-17,-0.0016989964683834105
2015-09-18,0.0184450795810628
2015-09-21,-0.004402965995982146
2015-09-22,-0.007174182201744282
2015-09-23,0.005849503214074751
2015-09-24,0.019428346289593987
2015-09-25,-0.006783266867504336
2015-09-28,-0.012291638511556624
2015-09-29,-0.004338039176050699
2015-09-30,-0.010345205714490345
2015-10-01,-0.0011661201093563032
2015-10-02,0.020344525396983844
2015-10-05,0.0008790436760322062
2015-10-06,0.007615313750683251
2015-10-07,0.001916501261825459
2015-10-08,-0.003749447580152806
2015-10-09,0.010082743094216015
2015-10-12,0.007409973000988005
2015-10-13,0.0007723211314338696
2015-10-14,0.012191571448331816
2015-10-15,0.006587902904208858
2015-10-16,-0.0036264419486807366
2015-10-19,-0.008740287853461832
2015-10-20,0.003997752165893153
2015-10-21,-0.008867746141184144
2015-10-22,-0.0008568246783460413
2015-10-23,-0.002832678595479044
2015-10-26,0.0031755174900332073
2015-10-27,-0.00017135244509453186
2015-10-28,0.008788764836116568
2015-10-29,-0.025729617395093392
2015-10-30,-0.004980961312634337
2015-11-02,-0.0050058955364459265
2015-11-03,-0.01920067667017338
2015-11-04,-0.006934734272126623
2015-11-05,-0.001899657328927695
2015-11-06,-0.015328811851509786
2015-11-09,0.0002758435578281864
2015-11-10,0.0002756553127857822
2015-11-11,-0.0032215041504368553
2015-11-12,-0.003601853207094119
2015-11-13,0.0
2015-11-16,0.002679514048333107
2015-11-17,-0.013938156030505203
2015-11-18,9.365862579947371e-05
2015-11-19,0.008570903001564972
2015-11-20,-0.0014853099349744917
2015-11-23,-0.008958603455463966
2015-11-24,0.007005773045099333
2015-11-25,-0.00354350309386584
2015-11-27,-0.013448313986904855
2015-11-30,0.009048221633438932
2015-12-01,-0.00187828746833272
2015-12-02,-0.009065310104538793
2015-12-03,0.007089211925615804
2015-12-04,0.021247700237913326
2015-12-07,-0.00749688873296108
2015-12-08,-9.28838970668577e-05
2015-12-09,0.001207044803292825
2015-12-10,-0.00418469025807936
2015-12-11,0.0035349328234069743
2015-12-14,-0.011393542545885472
2015-12-15,-0.0016919789508065548
2015-12-16,0.014106427960112739
2015-12-17,-0.025555647189986472
2015-12-18,0.01454905431330043
2015-12-21,0.01461789766718511
2015-12-22,-0.006584134088142776
2015-12-23,-0.005036876826985434
2015-12-24,0.007267270264383618
2015-12-28,-0.006239207578959481
2015-12-29,0.0065177139481654685
2015-12-30,-0.01628032272881288
2015-12-31,0.00018871273389700527
2016-01-04,0.01386172479955186
2016-01-05,0.0030648260146564294
2016-01-06,0.012440836582072724
2016-01-07,0.01436642906297819
2016-01-08,-0.008977527848297442
2016-01-11,-0.0011849327360058722
2016-01-12,-0.009990481826287485
2016-01-13,0.0017486769311837599
2016-01-14,-0.012584579364650109
2016-01-15,0.01625599239180944
2016-01-19,-0.0014669256944553847
2016-01-20,0.0156579905176128
2016-01-21,-0.007252320951077914
2016-01-22,-0.0017302053011144954
2016-01-25,0.008169238859200036
2016-01-26,0.013914673700546146
2016-01-27,-0.005004904333480651
2016-01-28,-0.0004480889181392674
2016-01-29,0.0007168896616390326
2016-02-01,0.01024827376073344
2016-02-02,-0.0005320819267533649
2016-02-03,0.012342569977745608
2016-02-04,0.01418086888457877
2016-02-05,0.00017281959106493736
2016-02-08,0.03404834929990521
2016-02-09,0.0006675513608169836
2016-02-10,-0.003342528526259136
2016-02-11,0.043567091125364873
2016-02-12,-0.007076868158539852
2016-02-16,-0.025501955096164056
2016-02-17,0.0026456825451971347
2016-02-18,0.012309362957954846
2016-02-19,0.003500959267383596
2016-02-22,-0.017132288543675846
2016-02-23,0.010527318680876351
2016-02-24,0.013328033410348807
2016-02-25,-0.0004037304909403373
2016-02-26,-0.0149717217583961
2016-02-29,0.011492953798612126
2016-03-01,-0.0029218229364777115
2016-03-02,0.008739981710060525
2016-03-03,0.013048052901100447
2016-03-04,0.009892060054906658
2016-03-07,-0.005290031133051419
2016-03-08,-0.0008711643665365201
2016-03-09,-0.004367339380404757
2016-03-10,0.012180823359887589
2016-03-11,-0.010511061395113142
2016-03-14,-0.011425897862328808
2016-03-15,-0.011314166048867756
2016-03-16,-0.0008943982001956458
2016-03-17,0.02823184571645773
2016-03-18,-0.00849780832604257
2016-03-21,-0.008007729856973357
2016-03-22,0.0035312254541069133
2016-03-23,-0.019823458291528016
2016-03-24,-0.0018812543119597132
2016-03-28,-0.0012288536097643887
2016-03-29,0.01278775411769549
2016-03-30,-0.007065979589434121
2016-03-31,0.005932264628274546
2016-04-01,-0.009770473814590914
2016-04-04,-0.0034423042399615686
2016-04-05,0.008502360171509305
2016-04-06,-0.004814587092324561
2016-04-07,0.0111441763775809
2016-04-08,0.005083360244175877
2016-04-11,0.011363719796072987
2016-04-12,0.0021462376732565664
2016-04-13,-0.010055128384175412
2016-04-14,-0.01763946407711058
2016-04-15,0.006590460098725617
2016-04-18,0.00040539994060510945
2016-04-19,0.015603971877910185
2016-04-20,0.00015956521921236389
2016-04-21,-0.003357009989702909
2016-04-22,-0.01638657099171672
2016-04-25,0.008267248694073434
2016-04-26,0.002660052989486988
2016-04-27,0.005619345503985562
2016-04-28,0.012963993663771956
2016-04-29,0.018554532081355487
2016-05-02,0.004257137284214135
2016-05-03,-0.003094301340338286
2016-05-04,-0.013572675083321833
2016-05-05,-0.0014933192222766592
2016-05-06,0.016769101438875392
2016-05-09,-0.02134147742080195
2016-05-10,-0.0013441007533533627
2016-05-11,0.008430186756368665
2016-05-12,-0.003379253258223161
2016-05-13,0.0012587331847161139
2016-05-16,0.0011786431028753658
2016-05-17,0.00219636641841862
2016-05-18,-0.00196086191362997
2016-05-19,-0.015428132082826979
2016-05-20,-0.0014361502311578814
2016-05-23,-0.001038585136795765
2016-05-24,-0.01790366465212703
2016-05-25,-0.004403876274423123
2016-05-26,-0.002782801311324475
2016-05-27,-0.005176827942159796
2016-05-31,0.000823519736724513
2016-06-01,-0.002390098246246816
2016-06-02,-0.0017342990864130377
2016-06-03,0.024736904788247527
2016-06-06,0.0036221716975720704
2016-06-07,-0.00016066787650068854
2016-06-08,0.012299511303834583
2016-06-09,0.008221312981124862
2016-06-10,0.002516177827683463
2016-06-13,0.008601194468236007
2016-06-14,0.0009338142093947642
2016-06-15,0.00015561424958520132
2016-06-16,0.007978605910287052
2016-06-17,-0.0027814092101873097
2016-06-20,-0.0019361090268664404
2016-06-21,-0.015231694595499006
2016-06-22,-0.001969667763047546
2016-06-23,-0.0053772460418744
2016-06-24,0.045568126625119755
2016-06-27,0.0018921481520379623
2016-06-28,-0.005459071134537385
2016-06-29,0.006517130786711063
2016-06-30,-0.004163045711473091
2016-07-01,0.013784954775413433
2016-07-05,0.014630295802076445
2016-07-06,0.006247034498575354
2016-07-07,-0.0035229752607092743
2016-07-08,-0.0025766569730396745
2016-07-11,-0.0011800972016698774
2016-07-12,-0.015544565429065389
2016-07-13,0.006202186015081687
2016-07-14,-0.00830312978492063
2016-07-15,-0.003612050537102661
2016-07-18,0.0014313343033443948
2016-07-19,0.0023308973728481423
2016-07-20,-0.009583857031749085
2016-07-21,0.008832542195506029
2016-07-22,-0.005577361821546027
2016-07-25,-0.0028761196958370064
2016-07-26,0.0010605321779994731
2016-07-27,0.0044573976096106815
2016-07-28,0.004287548927691639
2016-07-29,0.012456768592093142
2016-08-01,0.0017775329760739552
2016-08-02,0.009573679254285983
2016-08-03,-0.006101874347359719
2016-08-04,0.001989078130412177
2016-08-05,-0.016622543470037807
2016-08-08,-0.002247360257539687
2016-08-09,0.004190977197581718
2016-08-10,0.003950401091376265
2016-08-11,-0.0013399203995291173
2016-08-12,-0.005003147538014941
2016-08-15,0.0033631060701886342
2016-08-16,0.0075813883174767425
2016-08-17,-0.005792418519633738
2016-08-18,0.006310574643693422
2016-08-19,-0.008024955279562044
2016-08-22,-0.002016410277178946
2016-08-23,0.0021655719125730603
2016-08-24,-0.012157711605415717
2016-08-25,-0.003252072314533185
2016-08-26,0.0010599822517309905
2016-08-29,0.0010588598789471667
2016-08-30,-0.008502346327262383
2016-08-31,-0.003666029312143101
2016-09-01,0.004047141416004483
2016-09-02,0.007516282350036655
2016-09-06,0.020438704235929906
2016-09-07,-0.003786599503307889
2016-09-08,-0.005594732975239715
2016-09-09,-0.005024625803116637
2016-09-12,-0.006865083481867175
2016-09-13,-0.0015151518050107637
2016-09-14,0.0018935813270292768
2016-09-15,-0.006072124918749371
2016-09-16,-0.0058794129797974425
2016-09-19,0.005879412979797392
2016-09-20,0.00015221618146868613
2016-09-21,0.009997866634651048
2016-09-22,0.010122682135453616
2016-09-23,-0.002390256046424515
2016-09-26,0.0018678328051372278
2016-09-27,-0.010354179302007023
2016-09-28,-0.004914386241190314
2016-09-29,0.0017416435276520423
2016-09-30,-0.006375659049502699
2016-10-03,-0.0032796038609326033
2016-10-04,-0.03316418589365621
2016-10-05,-0.0008691271779573132
2016-10-06,-0.01224659627455489
2016-10-07,-0.0007203941462396616
2016-10-11,0.003277492478576479
2016-10-12,-0.0015175310867917425
2016-10-13,0.003112427756607694
2016-10-14,-0.001515110877577383
2016-10-17,0.0010369283705775325
2016-10-18,0.005089088772620536
2016-10-19,0.005615528957908329
2016-10-20,-0.0018157090665284902
2016-10-21,0.00023705220583055664
2016-10-24,-0.003085586827556825
2016-10-25,0.00781410055123449
2016-10-26,-0.005597819151719624
2016-10-27,0.0024479622887396643
2016-10-28,0.005976250792452862
2016-10-31,-0.003140952719691709
2016-11-01,0.011650332541120672
2016-11-02,0.01573379968826969
2016-11-03,-0.003603111106642254
2016-11-04,0.0009212200167436073
2016-11-07,-0.019368438629986755
2016-11-08,-0.003840600616410818
2016-11-09,-0.0006284751409729952
2016-11-10,-0.00559473162911677
2016-11-14,-0.03563335910818179
2016-11-15,0.002290242195274511
2016-11-16,-0.0004902963078952605
2016-11-17,-0.005656004540798839
2016-11-18,-0.006597962080039653
2016-11-21,0.0009097850981472162
2016-11-22,0.0011567583114072402
2016-11-23,-0.01824976664110634
2016-11-25,-0.009208889267384899
2016-11-28,0.010469552569008554
2016-11-29,-0.0022702983658282566
2016-11-30,-0.01449974532512753
2016-12-01,-0.003336636788437604
2016-12-02,0.007002548829521464
2016-12-05,-0.0009365081756959433
2016-12-06,-0.00546638231769391
2016-12-07,0.006317808507911521
2016-12-08,-0.0044353118287595375
2016-12-09,-0.008930184786370197
2016-12-12,0.003530052779216629
2016-12-13,-0.005861622654292204
2016-12-14,0.003969028209747736
2016-12-15,-0.02927123362969974
2016-12-16,0.006628100511391451
2016-12-19,0.0045697865449492924
2016-12-20,-0.007922576650850659
2016-12-21,-0.00035359712061060043
2016-12-22,-0.0020354241577117678
2016-12-23,0.002742493412203079
2016-12-27,0.0047594169162982715
2016-12-28,0.0018447543496458321
2016-12-29,0.01480992278090006
2016-12-30,-0.005549809897021
2017-01-03,0.00900285192930361
2017-01-04,0.0029257608917391607
2017-01-05,0.013569572279167469
2017-01-06,-0.006633743360060724
2017-01-09,0.009849765856593362
2017-01-10,0.0005912499106309624
2017-01-11,0.009580731125187961
2017-01-12,0.002756359087469122
2017-01-13,-0.0030072493432917323
2017-01-17,0.013874646895225017
2017-01-18,-0.0005776842959905698
2017-01-19,-0.008622907336826992
2017-01-20,0.0028272298148097597
2017-01-23,0.008845550963396858
2017-01-24,-0.0038757736862718066
2017-01-25,-0.010799240583716598
2017-01-26,-0.0065360117616481
2017-01-27,-0.001177678827598852
2017-01-30,0.004283360803183659
2017-01-31,0.012823912008577408
2017-02-01,-0.002485296665438633
2017-02-02,0.009164887600060555
2017-02-03,0.0014783584034642827
2017-02-06,0.009393575301202162
2017-02-07,0.0034087779579315197
2017-02-08,0.002751053207520085
2017-02-09,-0.002022081854817559
2017-02-10,-0.000566876850066067
2017-02-13,-0.008134093816160818
2017-02-14,-0.00040844667481872133
2017-02-15,0.006352787968514301
2017-02-16,0.0067160902945164426
2017-02-17,-0.001937379067167637
2017-02-21,-8.078508906953723e-05
2017-02-22,-0.004454350349380309
2017-02-23,0.014664634347995097
2017-02-24,0.005344891913360862
2017-02-27,0.00039772501044503744
2017-02-28,-0.00382474476466306
2017-03-01,-0.002958188183111069
2017-03-02,-0.013705470631345843
2017-03-03,-0.005208788817978716
2017-03-06,-0.0008163265759448011
2017-03-07,-0.007706239569881471
2017-03-08,-0.005446436678803248
2017-03-09,-0.00506034140032999
2017-03-10,-0.001414900372918341
2017-03-13,0.001414900372918352
2017-03-14,-0.00041592147157480674
2017-03-15,-0.001498791977594266
2017-03-16,0.021759718404505305
2017-03-17,0.0026870095249430263
2017-03-20,0.0030851097946710264
2017-03-21,0.010081950338285382
2017-03-22,0.0025647791657264977
2017-03-23,-0.0019229429398218444
2017-03-24,0.0010419837987625065
2017-03-27,0.0057517919495583296
2017-03-28,-7.963960893288656e-05
2017-03-29,-0.0015147484528922495
2017-03-30,-0.006724348370036059
2017-03-31,0.0018457243799123385
2017-04-03,0.0028021313424812086
2017-04-04,0.003352186944682863
2017-04-05,-0.0076787895241424015
2017-04-06,0.00392677851233867
2017-04-07,0.003194125405133405
2017-04-10,-0.0025545421499374417
2017-04-11,0.0159381530021803
2017-04-12,0.003220185508956306
2017-04-13,0.00827739794195269
2017-04-17,0.002718131548590306
2017-04-18,0.0017821296255692255
2017-04-19,-0.008005893178956763
2017-04-20,0.00039012210573624806
2017-04-21,0.004281328219062014
2017-04-24,-0.009051228501958202
2017-04-25,-0.008027172357523912
2017-04-26,-0.002769317802300099
2017-04-27,0.0012669062050332798
2017-04-28,0.0018974031177029385
2017-05-01,-0.01016117866619856
2017-05-02,0.0014351196373916847
2017-05-03,-0.006955815510367903
2017-05-04,-0.016094831005602106
2017-05-05,-0.0013869794888681627
2017-05-08,0.0004081465956588177
2017-05-09,-0.009017932534638276
2017-05-10,0.002467512256678818
2017-05-11,0.0044261566880950615
2017-05-12,0.0028584282924305183
2017-05-15,0.0019553733504766723
2017-05-16,0.005195680203699949
2017-05-17,0.018054652911816706
2017-05-18,-0.0046230346493643755
2017-05-19,0.000798594547308718
2017-05-22,0.00636590063442143
2017-05-23,-0.004690847276663877
2017-05-24,-0.0019145062835238531
2017-05-25,0.0027111286160230396
2017-05-26,0.009352470994601849
2017-05-30,-0.0043483486361126054
2017-05-31,0.007813483979482729
2017-06-01,-0.003938563578928373
2017-06-02,0.007705084616983541
2017-06-05,0.0019561055527115654
2017-06-06,0.011734194674689481
2017-06-07,-0.0033275703585958936
2017-06-08,-0.01075441056072261
2017-06-09,-0.0061302052068687345
2017-06-12,-0.00189380979601569
2017-06-13,-0.0002369183272036132
2017-06-14,0.0055148644702221845
2017-06-15,-0.016317271069001
2017-06-16,0.0014364768755273823
2017-06-19,-0.007845728356542297
2017-06-20,-0.002575207631716499
2017-06-21,0.0019320762655520435
2017-06-22,0.003372103694666421
2017-06-23,0.0068695659857476036
2017-06-26,-0.00791205113977467
2017-06-27,8.021469334752496e-05
2017-06-28,0.0012828542252268432
2017-06-29,-0.003049556093049251
2017-06-30,-0.002817016742802062
2017-07-03,-0.018547612954424916
2017-07-05,0.0020506097083853696
2017-07-06,0.001473779662321924
2017-07-07,-0.011189828782629333
2017-07-10,0.0028917276073374782
2017-07-11,0.0012367565827513586
2017-07-12,0.0037011187459087707
2017-07-13,-0.0014787438939784538
2017-07-14,0.008432590518839307
2017-07-17,0.005041950325371254
2017-07-18,0.006710018850761259
2017-07-19,8.055077060915145e-05
2017-07-20,0.0028962994150305284
2017-07-21,0.00760277330940865
2017-07-24,-0.0003189732922199768
2017-07-25,-0.001756125342464039
2017-07-26,-0.0021593571989522043
2017-07-27,0.008450959718898568
2017-07-28,0.0069620920676366025
2017-07-31,-0.0014201571050572992
2017-08-01,0.004725906807239984
2017-08-02,-0.0006287743880614377
2017-08-03,-0.003150104862108906
2017-08-04,-0.0075215109613676855
2017-08-07,-7.955307474891721e-05
2017-08-08,-0.0014315812317578045
2017-08-09,0.013125811461155778
2017-08-10,0.008370175496451656
2017-08-11,0.003111148307012124
2017-08-14,-0.0027217250231354575
2017-08-15,-0.008209906077677841
2017-08-16,0.0025092722903703076
2017-08-17,0.007412353852867797
2017-08-18,-0.0005443592909452205
2017-08-21,0.003958939893256818
2017-08-22,-0.004425701690303351
2017-08-23,0.0029526430372122
2017-08-24,-0.0018638076307166027
2017-08-25,0.004652974660785244
2017-08-28,0.013219738670856719
2017-08-29,0.002592669218827388
2017-08-30,-0.003815051241845523
2017-08-31,0.006173075893794918
2017-09-01,0.006286269787906836
2017-09-05,0.011037354562418965
2017-09-06,-0.003965383824776996
2017-09-07,0.008361341114399392
2017-09-08,0.0006688896405072527
2017-09-11,-0.011206691809561442
2017-09-12,-0.002256488358732504
2017-09-13,-0.003469850010435886
2017-09-14,0.000981780804511102
2017-09-15,-0.0032512423615178305
2017-09-18,-0.010735988597467801
2017-09-19,-7.662978472650562e-05
2017-09-20,0.004430569417291893
2017-09-21,-0.01644548291912643
2017-09-22,0.0020899215909679653
2017-09-25,0.010384308915688903
2017-09-26,-0.007527532775120786
2017-09-27,-0.0105410799770725
2017-09-28,0.0016349223665728455
2017-09-29,-0.0031164809018184073
2017-10-02,-0.006890677171902543
2017-10-03,-0.0009432837700489293
2017-10-04,0.0017287063978827545
2017-10-05,-0.0029878358398845554
2017-10-06,0.0013377544169920026
2017-10-09,0.007989447326364975
2017-10-10,0.006841829421378427
2017-10-11,-0.003726076902423367
2017-10-12,0.005815998493391344
2017-10-13,0.006320316258744202
2017-10-16,-0.0012300882391540026
2017-10-17,-0.013086271579829653
2017-10-18,-0.002419116678913994
2017-10-19,0.005454275534116093
2017-10-20,-0.007409463231041783
2017-10-23,0.00023476714183852992
2017-10-24,-0.0021153697891088514
2017-10-25,0.000313695430923488
2017-10-26,-0.007160573007206216
2017-10-27,0.0017357990230928244
2017-10-30,0.004404927786188189
2017-10-31,-0.005588126504385657
2017-11-01,0.005588126504385709
2017-11-02,0.0006277354683380319
2017-11-03,-0.006610572852132713
2017-11-06,0.010134046656738413
2017-11-07,-0.004465224838411223
2017-11-08,0.006183266004363352
2017-11-09,0.0031162381684789577
2017-11-10,-0.010320616370498838
2017-11-13,0.0038436132139390324
2017-11-14,0.0032827535277863674
2017-11-15,-0.003909309122587321
2017-11-16,0.0007048235582582072
2017-11-17,0.01430152145789673
2017-11-20,-0.016495917971793554
2017-11-21,0.005086680079378604
2017-11-22,0.008162676176655977
2017-11-24,-0.0038009777393278247
2017-11-27,0.00550289910736466
2017-11-28,0.000695308000776598
2017-11-29,-0.009779630834338625
2017-11-30,-0.00696596145918346
2017-12-01,0.004388798311228533
2017-12-04,-0.0035251298326162196
2017-12-05,-0.010016309238676628
2017-12-06,0.000950779053228449
2017-12-07,-0.010347938786658826
2017-12-08,-0.003687457209357425
2017-12-11,-0.0012053519550518667
2017-12-12,-0.004189798469908035
2017-12-13,0.005555813112327661
2017-12-14,0.006722195742235451
2017-12-15,0.00039870817523665717
2017-12-18,0.006278504505989414
2017-12-19,-0.001189107958943395
2017-12-20,0.004274206737060993
2017-12-21,0.0009474013739520169
2017-12-22,0.006371182406177087
2017-12-26,0.006798190801191451
2017-12-27,0.002255863771485303
2017-12-28,0.005501525365828419
2017-12-29,0.009383296909513904
2018-01-02,0.005648795435594413
2018-01-03,0.0019012136171542553
2018-01-04,0.0024283463684654956
2018-01-05,0.0006819141750703172
2018-01-08,-0.0012884713036933884
2018-01-09,-0.005246580568031189
2018-01-10,0.004336147142567866
2018-01-11,0.002426044534775419
2018-01-12,0.009645929220218629
2018-01-16,0.0014988012123869202
2018-01-17,0.0019450709821960197
2018-01-18,-0.009009069942365968
2018-01-19,0.004439620791428774
2018-01-22,-0.0007510891007015731
2018-01-23,0.003600038990317503
2018-01-24,0.015009996047209607
2018-01-25,0.0047824097943095206
2018-01-26,-0.007958810491319437
2018-01-30,-0.012058167071074382
2018-01-31,0.0026921759851948287
2018-02-01,0.003950401091376265
2018-02-02,-0.007916469765226359
2018-02-05,-0.0005249568386138391
2018-02-06,-0.005189755905578952
2018-02-07,-0.010994537916590984
2018-02-08,0.0040327608986760796
2018-02-09,-0.002889772982946634
2018-02-12,0.008417731344798464
2018-02-13,0.002940864406439292
2018-02-14,0.020421058915214334
2018-02-15,-0.002511468630411128
2018-02-16,0.0008132005147932578
2018-02-20,-0.018195805777987704
2018-02-21,0.0009026261706847339
2018-02-22,0.00045100774382701627
2018-02-23,-0.001805344615643647
2018-02-26,0.0018804775121498492
2018-02-27,-0.011488261375785172
2018-02-28,0.0
2018-03-01,-0.009624253533214297
2018-03-02,0.013872136457073265
2018-03-05,-0.0022734172079491807
2018-03-06,0.011690746933441305
2018-03-07,-0.005715142383890748
2018-03-08,-0.004610897113995902
2018-03-09,0.0018922913369371754
2018-03-12,-0.0022711796760658443
2018-03-13,0.004914386241190294
2018-03-14,-0.001131947426727324
2018-03-15,-0.0057549571034445565
2018-03-16,-0.004185539229898073
2018-03-19,0.00418553922989804
2018-03-20,-0.004338127119398508
2018-03-21,0.007295401194057268
2018-03-22,0.0044573976096106815
2018-03-23,0.016966715936515404
2018-03-26,0.003772594220179005
2018-03-27,-0.00971924053303923
2018-03-28,-0.012830862694559693
2018-03-29,-0.0010577275967254573
2018-04-02,0.014484794192477413
2018-04-03,-0.006953504164492984
2018-04-04,0.002248370796679207
2018-04-05,-0.008646345041192702
2018-04-06,0.005722457733424547
2018-04-09,0.003298124789570669
2018-04-10,0.004256401204819836
2018-04-11,0.01074681456735932
2018-04-12,-0.013432964185142135
2018-04-13,0.0047704504893987506
2018-04-16,0.002005684379909184
2018-04-17,-0.00022269553924516243
2018-04-18,0.0029647221128227827
2018-04-19,-0.0032616058148920136
2018-04-20,-0.007527591093269497
2018-04-23,-0.010679968716113873
2018-04-24,0.006707153771284317
2018-04-25,-0.007690660944510987
2018-04-26,-0.003715570032884322
2018-04-27,0.0030342129414097896
2018-04-30,-0.003110260543535764
2018-05-01,-0.009465644983154229
2018-05-02,-0.0009208665713252698
2018-05-03,0.00619906000228972
2018-05-04,0.0015247392406204264
2018-05-07,-0.0003809669127580398
2018-05-08,-0.00015239019585577444
2018-05-09,-0.0005336417302308635
2018-05-10,0.007218601800712527
2018-05-11,-0.0013637768572015564
2018-05-14,-0.0018971737809504907
2018-05-15,-0.021187539583848607
2018-05-16,0.001008046900233056
2018-05-17,-0.0015513500441079692
2018-05-18,0.0015513500441079395
2018-05-21,0.0
2018-05-22,0.0011619351837768423
2018-05-23,-0.0018596691479237644
2018-05-24,0.011106864926633073
2018-05-25,-0.0003067912135685513
2018-05-29,-0.0035358204833160823
2018-05-30,0.002153718916270126
2018-05-31,-0.0010762796451007667
2018-06-01,-0.004084885026490751
2018-06-04,-0.0013138633414813785
2018-06-05,0.0033969186184965657
2018-06-06,-0.00030835151545212326
2018-06-07,0.001232741993758485
2018-06-08,-0.0004620884269374544
2018-06-11,0.0006161331177777786
2018-06-12,-0.0029298778307513215
2018-06-13,0.0013889267881947254
2018-06-14,0.005459643319964293
2018-06-15,-0.022804078760698156
2018-06-18,0.0012544894477869528
2018-06-19,-0.0004702371770622632
2018-06-20,-0.0034553391851679326
2018-06-21,-0.003151594283591868
2018-06-22,0.00015787362465893563
2018-06-25,-0.0014212784296392148
2018-06-26,-0.007136657182704904
2018-06-27,-0.003028556328446318
2018-06-28,-0.003999045403677075
2018-06-29,0.00280101008486938
2018-07-02,-0.009232934241235006
2018-07-03,0.009472597636754327
2018-07-05,0.004543890146389284
2018-07-06,-0.0023889164756203734
2018-07-09,0.003024939992368851
2018-07-10,-0.0034236481676053563
2018-07-11,-0.008812040976282251
2018-07-12,0.0017685920911130215
2018-07-13,-0.004346802680328338
2018-07-16,-0.0012108005108086726
2018-07-17,-0.010065857197482181
2018-07-18,0.0004894760752293569
2018-07-19,-0.00318538620092535
2018-07-20,0.005791423271754504
2018-07-23,-0.004483398583975911
2018-07-24,-8.16827362195705e-05
2018-07-25,0.006109251967322684
2018-07-26,-0.004966001498039611
2018-07-27,-0.0022060331796797134
2018-07-30,-0.0010638134681618262
2018-07-31,0.001963110932089534
2018-08-01,-0.004750931950486037
2018-08-02,-0.006011999848421064
2018-08-03,0.002969299191421566
2018-08-06,-0.0046227387549226465
2018-08-07,0.0008270615145103922
2018-08-08,0.0024770882622964334
2018-08-09,-0.0005773983842617266
2018-08-10,-0.0006603787513001009
2018-08-13,-0.01648382857584301
2018-08-14,0.0014259543053397558
2018-08-15,-0.013077596207343322
2018-08-16,-0.0011046853781724766
2018-08-17,0.0002550676550167926
2018-08-20,0.008716721391922366
2018-08-21,0.0048751266583741855
2018-08-22,0.0030977237750973805
2018-08-23,-0.0078043853831430325
2018-08-24,0.01612874843926602
2018-08-27,0.0022357075658587097
2018-08-28,-0.001324264032107223
2018-08-29,-0.002404764527759338
2018-08-30,-0.0056615328697090395
2018-08-31,0.0021685560260155255
2018-09-04,-0.006351962565760579
2018-09-05,0.0018429166421238857
2018-09-06,0.002507523830407757
2018-09-07,-0.003596114122648065
2018-09-10,-0.0005027868974392518
2018-09-11,0.0020097347155790214
2018-09-12,0.0077496549279547884
2018-09-13,-0.002243696646296927
2018-09-14,-0.005840650729541842
2018-09-17,0.003925299454991307
2018-09-18,-0.0024201158014890986
2018-09-19,0.004501801970305429
2018-09-20,0.003321710546514391
2018-09-21,-0.008325056744842725
2018-09-24,0.0025882691604381183
2018-09-25,0.0005834628245632641
2018-09-26,-0.005012541823544286
2018-09-27,-0.009847279784212154
2018-09-28,0.007751282370461494
2018-10-01,-0.0036996800454468406
2018-10-02,0.01280624224985772
2018-10-03,-0.0034156533069074047
2018-10-04,-0.0009184702430270636
2018-10-05,0.003335560266446415
2018-10-08,-0.014084678619262271
2018-10-09,0.0023612144438462214
2018-10-10,0.0017673875050836347
2018-10-11,0.02835066409333902
2018-10-12,-0.004423356219554005
2018-10-15,0.006790820801527913
2018-10-16,0.0007336059237572539
2018-10-17,-0.002937658298874482
2018-10-18,0.002285568608961214
2018-10-19,-0.0009788328932091772
2018-10-22,-0.0033518099283377867
2018-10-23,0.009940661474511047
2018-10-24,-0.004550613589319168
2018-10-25,0.0010581845953804216
2018-10-26,0.002762452559275811
2018-10-29,-0.006512029524622742
2018-10-30,-0.0015528787665673905
2018-10-31,-0.008460296595855924
2018-11-01,0.019360936987837057
2018-11-02,-0.004134730067067751
2018-11-05,-0.0008940347270811313
2018-11-06,-0.0048907822962693795
2018-11-07,0.001959104580683226
2018-11-08,-0.0026948093485058135
2018-11-09,-0.013584368668582848
2018-11-12,-0.004236394117412716
2018-11-13,-0.0017497173022614182
2018-11-14,0.007228707752084227
2018-11-15,0.004048441325541188
2018-11-16,0.0065746453782541325
2018-11-19,0.001882178005493029
2018-11-20,-0.0033577490512391004
2018-11-21,0.005562881404039089
2018-11-23,-0.0039235367746059515
2018-11-26,-0.0006554554094466516
2018-11-27,-0.007403176331916226
2018-11-28,0.008386198408281134
2018-11-29,0.002208098359343363
2018-11-30,-0.0031911204357085257
2018-12-03,0.011165164989324806
2018-12-04,0.005818158773582782
2018-12-06,-0.0024201367564945673
2018-12-07,0.0070023813482669945
2018-12-10,-0.0024895396566155777
2018-12-11,-0.0014482837866976904
2018-12-12,0.0020110210300008265
2018-12-13,-0.0013671131226424276
2018-12-14,-0.00459729912749512
2018-12-17,0.008372311271493809
2018-12-18,0.0014419026574249351
2018-12-19,0.0023188148550025403
2018-12-20,0.009142648430483463
2018-12-21,-0.0077857918229155085
2018-12-24,0.010867477681360828
2018-12-26,0.001340285772125058
2018-12-27,0.006361771038876295
2018-12-28,0.0020334556603831245
2018-12-31,-0.0012508605650431678
2019-01-02,0.002109914525054996
2019-01-03,0.008395609500155037
2019-01-04,-0.007069439157760669
2019-01-07,0.0031913610711298765
2019-01-08,-0.0028016342498520465
2019-01-09,0.0047425532281951755
2019-01-10,-0.0035742832584524176
2019-01-11,0.0018664166569111902
2019-01-14,0.0015526748231558635
2019-01-15,-0.0022521847725428135
2019-01-16,0.004189644244261605
2019-01-17,-0.0004646291352922488
2019-01-18,-0.007541886222843759
2019-01-22,0.00093607242112592
2019-01-23,0.0004677078286435974
2019-01-24,-0.003122319355127618
2019-01-25,0.01420559407819777
2019-01-28,0.0038464543970783884
2019-01-29,0.0044433742087311885
2019-01-30,0.0012987078392666725
2019-01-31,0.007453583981655651
2019-02-01,-0.002123892768155545
2019-02-04,-0.0019762666158226303
2019-02-05,-7.616332988273438e-05
2019-02-06,-0.0035826933617428332
2019-02-07,-7.634929554701608e-05
2019-02-08,0.0032785106548437006
2019-02-11,-0.005113111682841348
2019-02-12,0.001681791706648733
2019-02-13,0.001221448744417649
2019-02-14,-0.0007631840122664169
2019-02-15,0.0063167961332353875
2019-02-19,0.01655293261183519
2019-02-20,0.002385089610256545
2019-02-21,-0.014849566751193068
2019-02-22,0.004297478078310308
2019-02-25,-0.0024857282115930447
2019-02-26,-0.0006035826876001255
2019-02-27,-0.005600154350637701
2019-02-28,-0.00372545752587554
2019-03-01,-0.01257108687016906
2019-03-04,-0.008988108902638492
2019-03-05,-0.0021817437163371535
2019-03-06,0.00225955480956854
2019-03-07,-0.0008564453784477475
2019-03-08,0.010229437404707756
2019-03-11,-0.0063423145671770475
2019-03-12,0.0058024995240326446
2019-03-13,0.008602826665778341
2019-03-14,-0.01084248805070627
2019-03-15,0.006473530758076257
2019-03-18,-0.0011529150377441156
2019-03-19,0.0036079961480897727
2019-03-20,-0.0034542348680875576
2019-03-21,0.004296773002431159
2019-03-22,0.0042021684654013165
2019-03-25,0.007822366697732926
2019-03-26,-0.005765872414879459
2019-03-27,-0.0033534245976774187
2019-03-28,-0.015463611608309486
2019-03-29,0.002477894338452264
2019-04-01,-0.0035639423656812787
2019-04-02,0.0012410609495414877
2019-04-03,-7.750345753043755e-05
2019-04-04,-0.0006979909589999726
2019-04-05,0.0010855427915747453
2019-04-08,0.005178717793829374
2019-04-09,0.004921969848964953
2019-04-10,0.004286905162995197
2019-04-11,-0.015783520778201384
2019-04-12,0.0015508688265574986
2019-04-15,-0.002948653274649578
2019-04-16,-0.011096521695962844
2019-04-17,-0.00031438575044829805
2019-04-18,-0.00023578221145405452
2019-04-22,0.0012571507671187557
2019-04-23,-0.0033034095568352825
2019-04-24,0.004872652719189608
2019-04-25,0.00023521249854262027
2019-04-26,0.0071074422097751645
2019-04-29,-0.004915203051928451
2019-04-30,0.0032795166444519316
2019-05-01,-0.001091977625138958
2019-05-02,-0.009172635638250213
2019-05-03,0.007454230729596022
2019-05-06,0.0019524392904874438
2019-05-07,0.001403437671793296
2019-05-08,-0.003199484212726764
2019-05-09,0.0031994842127267375
2019-05-10,0.0017125578011547432
2019-05-13,0.011137886677169313
2019-05-14,-0.004162195438771078
2019-05-15,0.0012351199225512385
2019-05-16,-0.008755371943979367
2019-05-17,-0.00820477351315001
2019-05-20,0.0012545877919818633
2019-05-21,-0.003218067708084531
2019-05-22,0.0012570520207180209
2019-05-23,0.00875558527616713
2019-05-24,-0.0014020165813160776
2019-05-28,-0.005079127934097918
2019-05-29,0.0032067413386132966
2019-05-30,0.005062907666908317
2019-05-31,0.014424310458736921
2019-06-03,0.012859147970708999
2019-06-04,0.0005291359094371339
2019-06-05,0.003695764872375826
2019-06-06,0.006976979179977753
2019-06-07,0.0026877541074792105
2019-06-10,-0.012378717355321674
2019-06-11,0.001282541956835377
2019-06-12,0.004137988749946852
2019-06-13,0.0054658717373067345
2019-06-14,0.0006718355335490992
2019-06-17,-0.0010452624905258059
2019-06-18,0.005883921663461859
2019-06-19,-0.001486326103211523
2019-06-20,0.03529136934367409
2019-06-21,0.0023663033426528273
2019-06-24,0.012880517986897823
2019-06-25,0.00042413090583868053
2019-06-26,-0.002335078951077535
2019-06-27,-0.0022694698902970736
2019-06-28,0.0009225555241278228
2019-07-01,-0.017243639951311836
2019-07-02,0.013619306155092862
2019-07-03,0.009283258338381215
2019-07-05,-0.014923529329707681
2019-07-08,0.00021480390487373257
2019-07-09,0.0003578457722924877
2019-07-10,0.008975680500219938
2019-07-11,-0.0041216137849031005
2019-07-12,0.0039798044429101
2019-07-15,0.0010633396770111903
2019-07-16,-0.001560004046945811
2019-07-17,0.008549847281970965
2019-07-18,0.0033714485237431127
2019-07-19,-0.0007014590755676152
2019-07-22,0.00014038257143025957
2019-07-23,-0.003655077659947234
2019-07-24,0.001899520933457056
2019-07-25,-0.006274934527660716
2019-07-26,0.003248114383933726
2019-07-29,0.0007751493255889368
2019-07-30,0.00708947330791591
2019-07-31,-0.0025211692591502522
2019-08-01,-0.003652937797119556
2019-08-02,0.0172339525633451
2019-08-05,0.013057707568042691
2019-08-06,0.0053115881284716455
2019-08-07,0.023426264124913006
2019-08-08,-0.006389437814637304
2019-08-09,-0.000734713063036057
2019-08-12,0.005796393970688471
2019-08-13,-0.0020615785564280236
2019-08-14,0.009078670323797037
2019-08-15,0.0024377881760616533
2019-08-16,-0.004683215342362713
2019-08-19,-0.008032155425561887
2019-08-20,0.0027953104204053326
2019-08-21,0.0
2019-08-22,-0.0048635471453845345
2019-08-23,0.019379505617472023
2019-08-26,-0.00019648645968019812
2019-08-27,0.009585018407868445
2019-08-28,-0.002078700970101249
2019-08-29,-0.007375322175081968
2019-08-30,-0.004859495032714913
2019-09-03,0.017488242652852915
2019-09-04,0.0028422112731653843
2019-09-05,-0.0227690454603242
2019-09-06,-0.006089556358749777
2019-09-09,-0.002659222501661612
2019-09-10,-0.007953193028797172
2019-09-11,0.0027473300929079327
2019-09-12,0.00287322825901904
2019-09-13,-0.005218052260891263
2019-09-16,0.008149645086967567
2019-09-17,0.0013296990407197322
2019-09-18,0.0015933246639142726
2019-09-19,-0.006054761178040599
2019-09-20,0.005922114787613536
2019-09-23,0.010821552218634716
2019-09-24,0.005497771957127581
2019-09-25,-0.01811226148683577
2019-09-26,0.0019255837015005862
2019-09-27,-0.0055877378688848015
2019-09-30,-0.022532001013061617
2019-10-01,0.011059616136638108
2019-10-02,0.012739025777429712
2019-10-03,0.004055705592803874
2019-10-04,-0.0005973679771035407
2019-10-07,-0.005659324852886079
2019-10-08,-0.00033390097896368473
2019-10-09,0.005926847590369729
2019-10-10,-0.007531060731030875
2019-10-11,-0.008127734184569402
2019-10-14,0.006051659334595071
2019-10-15,-0.00949724306442893
2019-10-16,0.007013803030788963
2019-10-17,0.0028856502644308848
2019-10-18,-0.0027512835044978985
2019-10-21,-0.0039048907125390424
2019-10-22,-0.0004723681798664878
2019-10-23,0.005518975719105269
2019-10-24,0.006022502044866212
2019-10-25,0.00040019716452753957
2019-10-28,-0.006355599249558961
2019-10-29,-0.0020154524793497153
2019-10-30,0.004160767879948392
2019-10-31,0.012114954399792637
2019-11-01,-0.0022521201719947464
2019-11-04,0.0
2019-11-05,-0.018201754334461643
2019-11-06,0.0063277911200314285
2019-11-07,-0.017601321488917986
2019-11-08,-0.001982500969778094
2019-11-11,-0.003976999709097086
2019-11-12,-0.00233871646192102
2019-11-13,0.00658934076646455
2019-11-14,0.006886066178064791
2019-11-15,-0.003062164177331961
2019-11-18,0.0024504644323866277
2019-11-19,0.0016303409319782403
2019-11-20,0.0
2019-11-21,-0.006947360157733074
2019-11-22,0.0
2019-11-25,-0.004452519674764632
2019-11-26,0.0021945374432130837
2019-11-27,-0.0043938174856029385
2019-11-29,0.008359042281367265
2019-12-02,-0.0022541262526476727
2019-12-03,0.010814526309483834
2019-12-04,-0.0028453045693533395
2019-12-05,0.0019655192135956674
2019-12-06,-0.01212552242517598
2019-12-09,0.00013711159596173993
2019-12-10,0.0022587550109528006
2019-12-11,0.0046385136565482935
2019-12-12,-0.0018392248396021497
2019-12-13,0.006049724215781696
2019-12-16,-0.0004066804034237166
2019-12-17,-0.00027123977476679824
2019-12-18,-0.0013572206434196252
2019-12-19,0.0037955689629014283
2019-12-20,-0.002370552172288522
2019-12-23,0.005275305725533864
2019-12-24,0.011135059860575142
2019-12-26,0.006781087784430196
2019-12-27,0.0029770786135146807
2019-12-30,0.00046227333689126925
2019-12-31,0.003295981889555684
2020-01-02,0.0032851540714616823
2020-01-03,0.016072149694003442
2020-01-06,0.010913635018349008
2020-01-07,0.0035692183565126895
2020-01-08,-0.009203710678121977
2020-01-09,-0.0036667071971181846
2020-01-10,0.0037308990396736773
2020-01-13,-0.00585981619083129
2020-01-14,-0.003882494785876494
2020-01-15,0.006269176242541576
2020-01-16,-0.001999275510573253
2020-01-17,0.006306764371860662
2020-01-21,-0.0015408479920918832
2020-01-22,-0.0007069933514569245
2020-01-23,0.00596170020177131
2020-01-24,0.004145810767128866
2020-01-27,0.0036215123910229036
2020-01-28,-0.004831603586278797
2020-01-29,0.0003823495785668443
2020-01-30,0.00868933318130266
2020-01-31,-0.000378963863372795
2020-02-03,-0.0036075310705902057
2020-02-04,-0.017138114161285474
2020-02-05,0.004761622946685296
2020-02-06,0.0046751032672821095
2020-02-07,0.002233782116915276
2020-02-10,0.0038812607041441385
2020-02-11,-0.005795625430667941
2020-02-12,0.0011490897071122928
2020-02-13,0.004900535612764321
2020-02-14,0.004813471680398959
2020-02-18,0.010871410739791924
2020-02-19,0.004676547883901803
2020-02-20,0.005644986085864686
2020-02-21,0.01717201549417072
2020-02-24,0.01676255638881947
2020-02-25,-0.015364987376213718
2020-02-26,-0.004198505886171601
2020-02-27,0.0
2020-02-28,-0.047385678747064744
2020-03-02,0.017868979456354687
2020-03-03,0.030796353102671873
2020-03-04,-0.0006091618212690988
2020-03-05,0.01529889178860684
2020-03-06,0.002636957249874577
2020-03-09,0.0022120303868409007
2020-03-10,-0.009239341300194449
2020-03-11,-0.010725720864527515
2020-03-12,-0.03225585264372553
2020-03-13,-0.047416352203101815
2020-03-16,-0.019856680529920206
2020-03-17,0.02590818443844778
2020-03-18,-0.03171271975140128
2020-03-19,0.0008795472315558977
2020-03-20,0.0036454671159334207
2020-03-23,0.05442181862869502
2020-03-24,0.05777508425392426
2020-03-25,-0.016947954536260905
2020-03-26,0.010845784249569976
2020-03-27,-0.016005198817997043
2020-03-30,-0.0011707228298990415
2020-03-31,-0.02408550651926629
2020-04-01,-0.003289523008281446
2020-04-02,0.0296535360572285
2020-04-03,0.00490888893936245
2020-04-06,0.02615913167880727
2020-04-07,-0.007301457414060284
2020-04-08,0.00036032405214913405
2020-04-09,0.041633439372849586
2020-04-13,0.004941175038212751
2020-04-14,0.006797057351607868
2020-04-15,-0.016935449293475353
2020-04-16,-0.003944735829989091
2020-04-17,-0.018301820946780283
2020-04-20,0.007313955384594793
2020-04-21,-0.013847209197883095
2020-04-22,0.029647891342731346
2020-04-23,0.0026574814347122173
2020-04-24,-0.005670027160958046
2020-04-27,-0.006753227914803885
2020-04-28,-0.0008181536244567528
2020-04-29,-0.004159457378130776
2020-04-30,-0.011335623435517613
2020-05-01,0.006097067443094948
2020-05-04,0.007291162026340241
2020-05-05,-0.001465717123550518
2020-05-06,-0.011922512345884834
2020-05-07,0.02207963897860998
2020-05-08,-0.006935380050009182
2020-05-11,-0.00857515842664911
2020-05-12,0.005353411843933332
2020-05-13,0.0055583326933722026
2020-05-14,0.014021058879757815
2020-05-15,0.008764225555300193
2020-05-18,-0.012395415869611638
2020-05-19,0.007134611589602911
2020-05-20,0.0036626025539089747
2020-05-21,-0.01734362611469108
2020-05-22,0.008161878938069567
2020-05-26,-0.017328994749641426
2020-05-27,0.003220991829132791
2020-05-28,0.001752541583290877
2020-05-29,0.013680565277693138
2020-06-01,0.0005180443866920326
2020-06-02,-0.007277016031962099
2020-06-03,-0.016009633407297864
2020-06-04,0.012351241473905206
2020-06-05,-0.025155268002861633
2020-06-08,0.013098481927345721
2020-06-09,0.009610330246712897
2020-06-10,-0.0008167458702274134
2020-06-11,0.010855446283993906
2020-06-12,-0.0015600795547297869
2020-06-15,-0.005218007981163413
2020-06-16,0.005391431183017847
2020-06-17,-0.00023130821343635084
2020-06-18,-0.002547715531949515
2020-06-19,0.0121590659502639
2020-06-22,0.006166825249584587
2020-06-23,0.008728248980421311
2020-06-24,-0.0035613970847807024
2020-06-25,-0.0020976074000182165
2020-06-26,0.005884713686692411
2020-06-29,0.0012967886103743235
2020-06-30,0.010202426588476162
2020-07-01,-0.011104398270962212
2020-07-02,0.006072237805783904
2020-07-06,0.0025192455591178196
2020-07-07,0.00873997345987791
2020-07-08,0.006243658695440093
2020-07-09,-0.009018817348082771
2020-07-10,-0.0005559571095256041
2020-07-13,0.0070930414866313
2020-07-14,-0.00022091032603613835
2020-07-15,0.00044177186147813246
2020-07-16,-0.007035885831272417
2020-07-17,0.005323049805576425
2020-07-20,0.004194021617199042
2020-07-21,0.014487856747344773
2020-07-22,0.011709267020525905
2020-07-23,0.013322162460929807
2020-07-24,0.0043313363665133785
2020-07-27,0.017606154822841998
2020-07-28,0.007069694974014618
2020-07-29,0.004514937092596289
2020-07-30,-0.005749772517706172
2020-07-31,0.01049918711509946
2020-08-03,0.0016289716145934227
2020-08-04,0.017745954507515056
2020-08-05,0.014830529962694551
2020-08-06,0.009993726704919284
2020-08-07,-0.020386772968585987
2020-08-10,0.007088912486168546
2020-08-11,-0.04640713846737047
2020-08-12,0.001189424227168705
2020-08-13,0.011203697670107498
2020-08-14,-0.010118971422733294
2020-08-17,0.02447852971429491
2020-08-18,0.007228233622483832
2020-08-19,-0.020566184811920643
2020-08-20,-0.012793958632575233
2020-08-21,0.0004135698294723892
2020-08-24,-0.0035730170549381117
2020-08-25,-0.008282324903757287
2020-08-26,0.015003475387935178
2020-08-27,-0.009890547937341995
2020-08-28,0.02213049019313123
2020-08-31,0.0015258636993629058
2020-09-01,0.00030488114322395907
2020-09-02,-0.017322181174838722
2020-09-03,-0.00352152038087395
2020-09-04,-0.0019213045878462153
2020-09-08,0.004718811695522806
2020-09-09,0.006034498194198085
2020-09-10,0.004873179121465835
2020-09-11,-0.008427543375380205
2020-09-14,0.007864507194070662
2020-09-15,0.001637117684006527
2020-09-16,0.0019915248986203523
2020-09-17,-0.010358510867938483
2020-09-18,0.006217730605110695
2020-09-21,-0.02642046360542287
2020-09-22,-0.0013684804683452613
2020-09-23,-0.020594023641089528
2020-09-24,0.00450621665322058
2020-09-25,-0.005689815487671344
2020-09-28,0.008095526135782653
2020-09-29,0.0114147396616161
2020-09-30,-0.0035962007873952123
2020-10-01,0.011012005311720377
2020-10-02,-0.004306089358559664
2020-10-05,0.006452168624350489
2020-10-06,-0.005978633545181797
2020-10-07,-0.009247826747493606
2020-10-08,0.00265097449388411
2020-10-09,0.01622893453895284
2020-10-12,0.001561686938946659
2020-10-13,-0.017843559227287458
2020-10-14,0.006755025244470127
2020-10-15,0.0009987659359625074
2020-10-16,-0.0012617784764216624
2020-10-19,0.0029417837343790644
2020-10-20,0.002095997386936684
2020-10-21,0.007405484259196327
2020-10-22,-0.012285488081525435
2020-10-23,0.000473310949826521
2020-10-26,0.0003679402784737119
2020-10-27,0.003200893540376839
2020-10-28,-0.017226369257346583
2020-10-29,-0.005665724597106544
2020-10-30,0.006305149837346229
2020-11-02,0.006900605880378817
2020-11-03,0.009529133397826345
2020-11-04,-0.007309871629980852
2020-11-05,0.026408510349030297
2020-11-06,0.0025670000104109966
2020-11-09,-0.051069383720258016
2020-11-10,0.011908134809094027
2020-11-11,-0.007869248251789697
2020-11-12,0.0063750917154759305
2020-11-13,0.006971252371710679
2020-11-16,0.0008481832770622549
2020-11-17,-0.001484728408849857
2020-11-18,-0.005854194473448053
2020-11-19,-0.006640641601906295
2020-11-20,0.006160128835431433
2020-11-23,-0.018758595831691482
2020-11-24,-0.01811942127724579
2020-11-25,0.0004984918223985983
2020-11-27,-0.013268076746218986
2020-11-30,-0.0034855405676794873
2020-12-01,0.02139477962249914
2020-12-02,0.006373984885256353
2020-12-03,0.006061505333917496
2020-12-04,-0.0004901159441992974
2020-12-07,0.014008950144385123
2020-12-08,0.00482238504317269
2020-12-09,-0.019539712183873785
2020-12-10,-0.0005452265623923936
2020-12-11,0.0033756623773702715
2020-12-14,-0.0060515914033823295
2020-12-15,0.012822831309901658
2020-12-16,0.002049362562147543
2020-12-17,0.016616724168514528
2020-12-18,-0.0007951443811694825
2020-12-21,-0.003452950477738774
2020-12-22,-0.006727547309022039
2020-12-23,0.004330039505094346
2020-12-24,0.002769976349498633
2020-12-28,-0.0014373179976945852
2020-12-29,0.0013308847368819284
2020-12-30,0.005993626012460182
2020-12-31,0.001109894461065988
2021-01-04,0.026892014283005597
2021-01-05,0.0041053068384807835
2021-01-06,-0.02373410559741736
2021-01-07,0.002827831959051613
2021-01-08,-0.04175284695685238
2021-01-11,0.008415501632621867
2021-01-12,-0.0036289551927895197
2021-01-13,0.005789249861381841
2021-01-14,-0.0017818664700341759
2021-01-15,-0.011414407787474065
2021-01-19,0.005560388855331254
2021-01-20,0.014249727942710165
2021-01-21,-0.0003215992599331132
2021-01-22,-0.0051599671898233754
2021-01-25,-0.00043115764322087933
2021-01-26,-0.002266879894457694
2021-01-27,-0.003138830803113128
2021-01-28,-0.0038014599418898284
2021-01-29,0.005101511241647846
2021-02-01,0.007281389008044573
2021-02-02,-0.01641737544450263
2021-02-03,0.0009282503708198232
2021-02-04,-0.023916484486413037
2021-02-05,0.012223053284327792
2021-02-08,0.011529720189568878
2021-02-09,0.0018542895508146806
2021-02-10,0.0028836096711605716
2021-02-11,-0.008566387767498546
2021-02-12,-0.0018099820260787875
2021-02-16,-0.013485351319986577
2021-02-17,-0.014629062349107949
2021-02-18,0.0012978130348198413
2021-02-19,0.0013524313819186311
2021-02-22,0.017250896659106188
2021-02-23,-0.0012738096892075683
2021-02-24,-0.004443464260402694
2021-02-25,-0.012322324448977169
2021-02-26,-0.02643982642289971
2021-03-01,-0.0032458010444414774
2021-03-02,0.006134974480583479
2021-03-03,-0.01032367748638774
2021-03-04,-0.008842158417799017
2021-03-05,-0.0012947745929176705
2021-03-08,-0.012027309199143453
2021-03-09,0.022921797389633937
2021-03-10,0.002850427716795303
2021-03-11,0.00046463141365605257
2021-03-12,-0.0016270843199136934
2021-03-15,0.005451831359562948
2021-03-16,0.000982772833472422
2021-03-17,-0.0021981421073807767
2021-03-18,0.003122235750465632
2021-03-19,0.0052971527058642155
2021-03-22,-0.002069427911533476
2021-03-23,-0.007566879516500325
2021-03-24,0.004743225748486408
2021-03-25,-0.004627227810274516
2021-03-26,0.004223156783957694
2021-03-29,-0.011671575757386563
2021-03-30,-0.01660812683626846
2021-03-31,0.017600609611377438
2021-04-01,0.0073830821038836664
2021-04-05,0.00028956131663167214
2021-04-06,0.008361011659377205
2021-04-07,-0.000804242014787378
2021-04-08,0.009551431317729613
2021-04-09,-0.007714103350808669
2021-04-12,-0.0069651153108131235
2021-04-13,0.008627188966826281
2021-04-14,-0.006492181509603616
2021-04-15,0.01742751851072938
2021-04-16,0.007674101250506838
2021-04-19,-0.005410888818616735
2021-04-20,0.004454866391931009
2021-04-21,0.00840435224167868
2021-04-22,-0.006212471446331363
2021-04-23,-0.002360717879845413
2021-04-26,0.001237248457746213
2021-04-27,-0.0006746605385477973
2021-04-28,-0.00270334073967916
2021-04-29,-0.002880286458205009
2021-04-30,-0.00045252405155806857
2021-05-03,0.013544464845169118
2021-05-04,-0.00874639757494062
2021-05-05,0.004663019601775825
2021-05-06,0.017446839157978355
2021-05-07,0.00855595396027406
2021-05-10,0.00348908627232722
2021-05-11,-0.0008711143226879709
2021-05-12,-0.007270798097461684
2021-05-13,0.0006582236054636419
2021-05-14,0.00770136548279548
2021-05-17,0.01597700925187108
2021-05-18,0.00016065581069687392
2021-05-19,0.007201759353874979
2021-05-20,0.00026573834868414716
2021-05-21,-0.0027139022410788334
2021-05-24,0.004200694538999657
2021-05-25,0.007137789140429843
2021-05-26,0.001684515438402536
2021-05-27,-0.002949750706768753
2021-05-28,0.0035806730456278716
2021-06-01,0.00021024040204428116
2021-06-02,0.002414433020726898
2021-06-03,-0.019213573983194728
2021-06-04,0.00989111901082882
2021-06-07,0.0036972523073180667
2021-06-08,-0.002428134028169905
2021-06-09,0.0005283457753793965
2021-06-10,0.0005280667735240403
2021-06-11,-0.008908706107218346
2021-06-14,-0.007163137661542878
2021-06-15,-0.005109598315890978
2021-06-16,0.0026925164354793135
2021-06-17,-0.04718346889536021
2021-06-18,-0.003331750148147224
2021-06-21,0.007831701368745038
2021-06-22,-0.00309153999585223
2021-06-23,0.003372115731426366
2021-06-24,-0.0037663122158099844
2021-06-25,0.0005630313834598243
2021-06-28,0.0016871946194519283
2021-06-29,-0.009485124546020829
2021-06-30,0.004527967765016482
2021-07-01,0.0028759009759461445
2021-07-02,0.0037656085928761485
2021-07-06,0.006096058971480818
2021-07-07,0.0044506332158106765
2021-07-08,-0.001055246787513598
2021-07-09,0.005762440859237031
2021-07-12,-0.0024892835423589803
2021-07-13,0.0021577503670339305
2021-07-14,0.008201066475030334
2021-07-15,0.0022449022507048935
2021-07-16,-0.007631333157156481
2021-07-19,-0.003201619485910015
2021-07-20,0.0012156445618103438
2021-07-21,-0.0044274796393197775
2021-07-22,0.0011640986772757504
2021-07-23,-0.00199643786451196
2021-07-26,-0.001499999314886413
2021-07-27,0.0004446939315025321
2021-07-28,0.0
2021-07-29,0.017462614454720644
2021-07-30,-0.010209197822209345
2021-08-02,0.0030297211452917027
2021-08-03,-0.004409907432068376
2021-08-04,0.00022097134087597074
2021-08-05,-0.002987071836327456
2021-08-06,-0.025302169337170947
2021-08-09,-0.021014711060311712
2021-08-10,0.0031284564647309984
2021-08-11,0.012416792738750166
2021-08-12,-0.0008001511567647293
2021-08-13,0.014868869094078072
2021-08-16,0.006569223434738159
2021-08-17,-0.0010638733336789578
2021-08-18,-0.0019065919740294643
2021-08-19,-0.0007861331433283399
2021-08-20,0.0004493141932800512
2021-08-23,0.012387832917253414
2021-08-24,0.0013300957751088253
2021-08-25,-0.009683432986547027
2021-08-26,0.0022343882098449877
2021-08-27,0.013522720423364417
2021-08-30,-0.004192402233391118
2021-08-31,0.003311261303656005
2021-09-01,-0.0010473937325584054
2021-09-02,-0.0024297457991778355
2021-09-03,0.012199334385803619
2021-09-07,-0.019301359933995132
2021-09-08,-0.002899725043928858
2021-09-09,0.0037346122321662177
2021-09-10,-0.00434907227353077
2021-09-13,0.0013401970011455836
2021-09-14,0.007062031376286556
2021-09-15,-0.0068388283782960125
2021-09-16,-0.021314620752901005
2021-09-17,-0.002968010838533277
2021-09-20,0.007063155449170932
2021-09-21,0.008027603161512306
2021-09-22,0.0003940390072630704
2021-09-23,-0.01645707372556822
2021-09-24,0.0011437069101939464
2021-09-27,0.00017147117355570008
2021-09-28,-0.008147357577374788
2021-09-29,-0.008272426561606493
2021-09-30,0.01944380650125953
2021-10-01,0.0009679989072590911
2021-10-04,0.005222509201740211
2021-10-05,-0.0037438217890526193
2021-10-06,0.0005113629953223071
2021-10-07,-0.001477930901064451
2021-10-08,-0.0009105774646536376
2021-10-11,-0.000968454449423833
2021-10-12,0.00210656414060376
2021-10-13,0.019933037412385866
2021-10-14,0.0016711234290114187
2021-10-15,-0.01655527628627928
2021-10-18,-0.001358948308654003
2021-10-19,0.0027726159189181846
2021-10-20,0.008104059610460861
2021-10-21,-0.0016268056619152453
2021-10-22,0.00799626763164088
2021-10-25,0.005830920310793144
2021-10-26,-0.0073916189533362806
2021-10-27,0.0028964946878651475
2021-10-28,0.002055814682588965
2021-10-29,-0.010377806530908187
2021-11-01,0.006763378213492534
2021-11-02,-0.003571645375540873
2021-11-03,-0.014131911060620329
2021-11-04,0.01653303396466099
2021-11-05,0.012966339059569584
2021-11-08,0.006037671259816749
2021-11-09,0.0015310188776383894
2021-11-10,0.009462262540359543
2021-11-11,0.00840792702102028
2021-11-12,0.002519404872046127
2021-11-15,-0.0009641397790914904
2021-11-16,-0.006720997509486058
2021-11-17,0.008648283108735699
2021-11-18,-0.004663986413490948
2021-11-19,-0.005279926579310966
2021-11-22,-0.02471959608600904
2021-11-23,-0.012536729177984571
2021-11-24,0.0003363468974658657
2021-11-26,0.0006724229725988722
2021-11-29,-0.00168180324307445
2021-11-30,-0.0048933268890934195
2021-12-01,0.00450045770286688
2021-12-02,-0.011800393739534874
2021-12-03,0.012024899530579426
2021-12-06,-0.0025284463533586377
2021-12-07,0.0028650763234604835
2021-12-08,0.0004487093895392277
2021-12-09,-0.004946636746660119
2021-12-10,0.004666234090444804
2021-12-13,0.001905203055442121
2021-12-14,-0.008940945262643642
2021-12-15,-0.00441554571258348
2021-12-16,0.019105998391674383
2021-12-17,0.003999601595126616
2021-12-20,-0.0056150794682417494
2021-12-21,-0.0032387379200195265
2021-12-22,0.007633384981113123
2021-12-23,0.005314436655823481
2021-12-27,-0.0017130253953705572
2021-12-28,0.00116075276468448
2021-12-29,-0.0028213310498175362
2021-12-30,0.004201441162821637
2021-12-31,0.00813149309174338
2022-01-03,-0.015495623073024625
2022-01-04,0.00808106212417286
2022-01-05,0.005826419855790741
2022-01-06,-0.019871699829780404
2022-01-07,0.0046295360824668225
2022-01-10,0.0007787864912479449
2022-01-11,0.011169566592358682
2022-01-12,0.004717752871602087
2022-01-13,-0.0032891160891035777
2022-01-14,-0.0025840249884074937
2022-01-18,-0.002314788905823573
2022-01-19,0.016852139555948425
2022-01-20,-0.0003255782478899052
2022-01-21,-0.00582422843878814
2022-01-24,0.005389914964327385
2022-01-25,0.005954976611818967
2022-01-26,-0.01238267432546163
2022-01-27,-0.02020380869292505
2022-01-28,-0.004695120268889005
2022-01-31,0.005642617008805025
2022-02-01,0.002948322863412963
2022-02-02,0.0049313868291021275
2022-02-03,-0.0034327874115770577
2022-02-04,0.0019946679986083213
2022-02-07,0.007719491459363494
2022-02-08,0.003290198230438897
2022-02-09,0.004697138876945588
2022-02-10,0.0005447513489833872
2022-02-11,0.002502094128990784
2022-02-14,0.014668053542140463
2022-02-15,-0.007091439946204802
2022-02-16,0.008268451050258554
2022-02-17,0.016176862774401283
2022-02-18,-0.0011054540785267234
2022-02-22,0.003942497337925904
2022-02-23,0.0016250236299235957
2022-02-24,0.008293621186042321
2022-02-25,-0.020254641338242927
2022-02-28,0.006814799258052393
2022-03-01,0.022386274771780384
2022-03-02,-0.011130495531632012
2022-03-03,0.007003374578962224
2022-03-04,0.015745908688366016
2022-03-07,0.014549409887336044
2022-03-08,0.02290628222036198
2022-03-09,-0.026926590113771492
2022-03-10,0.00612449262362708
2022-03-11,-0.007737189270018103
2022-03-14,-0.011719169211707079
2022-03-15,-0.015997859657440116
2022-03-16,-0.010686925640050688
2022-03-17,0.017714276252213116
2022-03-18,-0.007182949353329375
2022-03-21,0.00020743851021229863
2022-03-22,-0.0041046609285686
2022-03-23,0.008244168082008863
2022-03-24,0.012826608725129677
2022-03-25,-0.0039842350856928496
2022-03-28,-0.007294465566171451
2022-03-29,-0.014331939032686845
2022-03-30,0.011182017436005276
2022-03-31,0.00808717487165785
2022-04-01,-0.01556269351642906
2022-04-04,0.0052490704821981215
2022-04-05,-0.003270908031756635
2022-04-06,-0.0023429578535094993
2022-04-07,0.007995486299766241
2022-04-08,0.004025358538914772
2022-04-11,0.0013896773770587837
2022-04-12,0.014196912221042192
2022-04-13,0.004502815262256247
2022-04-14,-0.0051114641128363805
2022-04-18,0.006070128331346491
2022-04-19,-0.013812271285541397
2022-04-20,-0.001739970932198888
2022-04-21,-0.0037976152973985644
2022-04-22,-0.007172570973407727
2022-04-25,-0.019769510187740744
2022-04-26,0.0043219765242018485
2022-04-27,-0.008185296301079753
2022-04-28,0.0014835623851351678
2022-04-29,0.010847972444223454
2022-05-02,-0.02519292038456543
2022-05-03,0.0037527518532821575
2022-05-04,-0.0009636752202483986
2022-05-05,0.003742319256644968
2022-05-06,0.003834661316685816
2022-05-09,-0.01289372706238319
2022-05-10,-0.009304882483388956
2022-05-11,0.006878809072376239
2022-05-12,-0.015667781369351385
2022-05-13,-0.009032901296614637
2022-05-16,0.003369317747265814
2022-05-17,0.0025882941096002548
2022-05-18,-0.0012657478221988101
2022-05-19,0.013836280412998598
2022-05-20,0.00032587437499885286
2022-05-23,0.003252387863293797
2022-05-24,0.009318889191803246
2022-05-25,-0.010185211745308747
2022-05-26,0.0006498122657287857
2022-05-27,0.0021088629963046065
2022-05-31,-0.004656260527504244
2022-06-01,0.00032560914897010034
2022-06-02,0.0125075493629948
2022-06-03,-0.011368949980497233
2022-06-06,-0.003365401473737211
2022-06-07,0.004502705921952788
2022-06-08,0.0023787784288539122
2022-06-09,-0.001675345880327806
2022-06-10,0.012203441973600668
2022-06-13,-0.02351777533038834
2022-06-14,-0.01017190901029815
2022-06-15,0.00320020619069026
2022-06-16,0.016607812663686532
2022-06-17,-0.0054871926378130915
2022-06-21,-0.0005449294523729552
2022-06-22,-0.00016349682819621488
2022-06-23,-0.004699515565206118
2022-06-24,0.0004381188607517011
2022-06-27,-0.003070669489849738
2022-06-28,-0.001868967337812985
2022-06-29,-0.0020929997061283
2022-06-30,-0.0053070917753330026
2022-07-01,-0.002886458385910953
2022-07-05,-0.02083933914969923
2022-07-06,-0.015386252486003978
2022-07-07,0.0017277129141139384
2022-07-08,0.0015523655104664287
2022-07-11,-0.006108458837354837
2022-07-12,-0.003880322870210738
2022-07-13,0.0063050981654516405
2022-07-14,-0.017274371209107783
2022-07-15,-0.0012327780896654707
2022-07-18,0.003986361713753098
2022-07-19,0.0004679742946601952
2022-07-20,-0.006159280360534849
2022-07-21,0.007736953992708003
2022-07-22,0.008372643085123987
2022-07-25,-0.004700960831153482
2022-07-26,-0.000756568166326809
2022-07-27,0.0008147256292718839
2022-07-28,0.017986345847998488
2022-07-29,0.007172964446712137
2022-08-01,0.003454221019280375
2022-08-02,0.001186393518112395
2022-08-03,-0.007424009432775246
2022-08-04,0.01720048045395003
2022-08-05,-0.008760642024044224
2022-08-08,0.007809700130070115
2022-08-09,0.004021425813643075
2022-08-10,0.0008914506924313416
2022-08-11,-0.003291233570665182
2022-08-12,0.004960590165981755
2022-08-15,-0.009608985203734186
2022-08-16,-0.0046137893685845414
2022-08-17,-0.007301519543719817
2022-08-18,-0.002844466510612898
2022-08-19,-0.00439640617260913
2022-08-22,-0.00781252576674173
2022-08-23,0.007354692223817934
2022-08-24,0.0005723115660449006
2022-08-25,0.005648226308946638
2022-08-26,-0.012364904253983925
2022-08-29,0.0002879603826907875
2022-08-30,-0.007746165501607033
2022-08-31,-0.006053512283144235
2022-09-01,-0.009503252799611197
2022-09-02,0.0077501991662910705
2022-09-06,-0.0055129013074622065
2022-09-07,0.00872448903953951
2022-09-08,-0.004264925533494193
2022-09-09,0.004789420573202699
2022-09-12,0.0069100090105372255
2022-09-13,-0.013457414214637989
2022-09-14,-0.004997805493332346
2022-09-15,-0.018501955762987212
2022-09-16,0.003775694038622129
2022-09-19,-0.003295488264191871
2022-09-20,-0.0039087215289053045
2022-09-21,0.002948005938547933
2022-09-22,0.0037177432020477504
2022-09-23,-0.015379814777475905
2022-09-26,-0.013461623673598822
2022-09-27,0.0020922483593887654
2022-09-28,0.020505159126874725
2022-09-29,-0.0011449724954999327
2022-09-30,0.002348776643889567
2022-10-03,0.01818069303365146
2022-10-04,0.016520558026136455
2022-10-05,-0.005651843841279974
2022-10-06,0.00017523692601385205
2022-10-07,-0.006564674728268202
2022-10-10,-0.01971674459509101
2022-10-11,0.006814074389340839
2022-10-12,-0.005016375012451831
2022-10-13,-0.00017965381824740632
2022-10-14,-0.01709136585274509
2022-10-17,0.009276477868507263
2022-10-18,-0.004839694866963967
2022-10-19,-0.013123948476874548
2022-10-20,0.00202562680358335
2022-10-21,0.012310443033820328
2022-10-24,-0.0013940959691325695
2022-10-25,0.0024837799570480903
2022-10-26,0.006753493473110318
2022-10-27,-0.001985171570581598
2022-10-28,-0.012786876070645195
2022-10-31,-0.002259168215868315
2022-11-01,0.005547257675413403
2022-11-02,0.0004254117317392756
2022-11-03,-0.011243566259035888
2022-11-04,0.02739728333020796
2022-11-07,0.0023887739038996633
2022-11-08,0.02101238604477114
2022-11-09,-0.0011688389084410285
2022-11-10,0.023235395651179536
2022-11-11,0.008929872470112414
2022-11-14,0.004294263372937783
2022-11-15,0.00011279993292139435
2022-11-16,-0.0004511383955566457
2022-11-17,-0.006904748131308381
2022-11-18,-0.005067351765360675
2022-11-21,-0.008311170299651035
2022-11-22,0.0005178953391911294
2022-11-23,0.0037896091787737837
2022-11-25,0.004802492929499426
2022-11-28,-0.007557185534083681
2022-11-29,0.004758529161550502
2022-11-30,-0.001373640553271435
2022-12-01,0.0310701183883798
2022-12-02,-0.002891273168903714
2022-12-05,-0.015996748721572914
2022-12-06,0.0010744618189316108
2022-12-07,0.009114472318120768
2022-12-08,0.0017905836665891154
2022-12-09,0.005241466558799575
2022-12-12,-0.009836314542059353
2022-12-13,0.01858501310552256
2022-12-14,-0.0035345617904352757
2022-12-15,-0.0169056104459163
2022-12-16,0.007176555247797316
2022-12-19,-0.0012857697271356746
2022-12-20,0.015651375902693578
2022-12-21,0.0
2022-12-22,-0.016042989850930472
2022-12-23,0.004968066459595485
2022-12-27,0.010468993076297851
2022-12-28,-0.0038093315032526956
2022-12-29,0.0063957738601456895
2022-12-30,0.0001098874339190406
2023-01-03,0.010930862804251935
2023-01-04,0.007095546441984838
2023-01-05,-0.009762524397120638
2023-01-06,0.01589647009927115
2023-01-09,0.004549233258291233
2023-01-10,-0.0005875467452383854
2023-01-11,0.0016016233411999265
2023-01-12,0.01108736566761611
2023-01-13,0.012008862043122856
2023-01-17,-0.005855345730477272
2023-01-18,-0.0014691611288529948
2023-01-19,0.00925131447113823
2023-01-20,0.002234663176594187
2023-01-23,0.0003632807471507761
2023-01-24,0.0035224324574504432
2023-01-25,0.003767611384967313
2023-01-26,-0.0062527531393146134
2023-01-27,-0.00025922182084070467
2023-01-30,-0.002959862564305934
2023-01-31,0.0034264261246514465
2023-02-01,-0.000881420299387641
2023-02-02,-0.005983212723418652
2023-02-03,-0.02826184255379748
2023-02-06,0.0017698252343863036
2023-02-07,0.0029428310618131773
2023-02-08,0.003040771209810025
2023-02-09,-0.005983602271623308
2023-02-10,-0.0018234933150134012
2023-02-13,-0.005868606069231897
2023-02-14,0.0011333148745895825
2023-02-15,-0.0107370746218953
2023-02-16,0.004243545311346955
2023-02-17,-0.0008689852683103383
2023-02-21,-0.004028983707236791
2023-02-22,-0.000545702605629464
2023-02-23,-0.0076712704966514795
2023-02-24,-0.005073326778902653
2023-02-27,0.004523120437649741
2023-02-28,0.006527917163400628
2023-03-01,0.004800056571569328
2023-03-02,-0.0022880546197603423
2023-03-03,0.007714887423290701
2023-03-06,0.00010827646049621364
2023-03-07,-0.0185706355718125
2023-03-08,-0.0006618172911648265
2023-03-09,0.009115987157307687
2023-03-10,0.017717772147514535
2023-03-13,0.026341694156230083
2023-03-14,-0.0028811671051432153
2023-03-15,0.010645072763326602
2023-03-16,-0.003952561643725975
2023-03-17,0.026127822516268665
2023-03-20,0.004760658443617601
2023-03-21,-0.021036184516874452
2023-03-22,0.004530510589810312
2023-03-23,0.023855366038062705
2023-03-24,-0.0058855136919060335
2023-03-27,-0.01509747886904467
2023-03-28,0.01019169021018235
2023-03-29,-0.0031992150318795637
2023-03-30,0.007196500323830882
2023-03-31,-0.005722573380642285
2023-04-03,0.007538817015696076
2023-04-04,0.01912138685643545
2023-04-05,-0.0006430347062673179
2023-04-06,-0.004463407474970126
2023-04-10,-0.011397298492928747
2023-04-11,0.007862066660321815
2023-04-12,0.0030380656754726365
2023-04-13,0.015004488526765062
2023-04-14,-0.01934033210150383
2023-04-17,-0.004003608688523414
2023-04-18,0.006597421632108531
2023-04-19,-0.006096093088757149
2023-04-20,0.006195695166983739
2023-04-21,-0.014095679073772963
2023-04-24,0.004837975290905304
2023-04-25,0.0024604086846930075
2023-04-26,-0.004171199318677286
2023-04-27,0.0021129262655032468
2023-04-28,0.00010047797590101929
2023-05-01,-0.0033723203832883527
2023-05-02,0.015459208663897123
2023-05-03,0.007074123181844181
2023-05-04,0.009517819252434986
2023-05-05,-0.015054141436917398
2023-05-08,0.00440192824598679
2023-05-09,0.004873807724603167
2023-05-10,-0.002803233566718523
2023-05-11,-0.007811791440417504
2023-05-12,-9.925105453308255e-05
2023-05-15,0.0017358962821522753
2023-05-16,-0.014776614414791786
2023-05-17,-0.003880014587498261
2023-05-18,-0.012293130260797066
2023-05-19,0.011282876071055622
2023-05-22,-0.001972886611210169
2023-05-23,-0.001216064382496189
2023-05-24,-0.004879037635297988
2023-05-25,-0.010087426800028618
2023-05-26,0.0005145091760760677
2023-05-30,0.00712441162188995
2023-05-31,0.0030087604621398334
2023-06-01,0.007153928630061794
2023-06-02,-0.013026835665023308
2023-06-05,0.0028641465728216076
2023-06-06,0.003823121771459306
2023-06-07,-0.011667932951336448
2023-06-08,0.010700777840001093
2023-06-09,-0.0007132429056667042
2023-06-12,-0.003522608540493114
2023-06-13,-0.005487371483662528
2023-06-14,0.005487371483662586
2023-06-15,0.0012777594632126471
2023-06-16,0.0003064070167053769
2023-06-20,-0.011762134766634989
2023-06-21,-0.0011372784228845022
2023-06-22,-0.01071258172670636
2023-06-23,0.0033404825344685927
2023-06-26,0.0023940761271535643
2023-06-27,-0.00505509651683476
2023-06-28,-0.0008885614102553915
2023-06-29,-0.0016224510460784893
2023-06-30,0.0062136453694543944
2023-07-03,0.00031225960354337316
2023-07-05,-0.001093367263780315
2023-07-06,-0.0056944618118118595
2023-07-07,0.009126768323334932
2023-07-10,-0.0006231570554215221
2023-07-11,0.0032674088391857186
2023-07-12,0.012810414334619996
2023-07-13,0.0015324108197861239
2023-07-14,0.0004592781602337969
2023-07-17,-0.003936082358076339
2023-07-18,0.012622280219577665
2023-07-19,0.0001517429045972916
2023-07-20,-0.004663169815610156
2023-07-21,-0.002034278228194697
2023-07-24,-0.002038424953129538
2023-07-25,0.0009177681383584213
2023-07-26,0.003459707764402656
2023-07-27,-0.012007399562659367
2023-07-28,0.007680922504028945
2023-07-31,0.005138771146053185
2023-08-01,-0.015238610077067491
2023-08-02,-0.0017018269642495524
2023-08-03,-0.0027911448212779625
2023-08-04,0.0039260178715701454
2023-08-07,-0.0031499215966816637
2023-08-08,-0.00487351880894349
2023-08-09,-0.004531822404694047
2023-08-10,-0.0005222204866973095
2023-08-11,-0.0007838424255554935
2023-08-14,-0.0012031118637710577
2023-08-15,-0.0042485053218492995
2023-08-16,-0.0033696785716192438
2023-08-17,-0.00634889183821112
2023-08-18,0.0010609517869105895
2023-08-21,0.0038101719353386674
2023-08-22,0.0016360008536025392
2023-08-23,0.011586265785144559
2023-08-24,-0.0001564098483359136
2023-08-25,-0.0037082411186101292
2023-08-28,0.003551870450310385
2023-08-29,0.009651369784435556
2023-08-30,0.004019820260445598
2023-08-31,-0.003142358107314131
2023-09-01,0.0008252180232353599
2023-09-05,-0.007035775353867591
2023-09-06,-0.004214024777917188
2023-09-07,-0.00031284575797763917
2023-09-08,0.00046926375810114266
2023-09-11,0.0025509680494884674
2023-09-12,-0.006258821711373876
2023-09-13,-0.0011517503252713073
2023-09-14,0.0004713280283196849
2023-09-15,0.00714714748905865
2023-09-18,0.00404651357660179
2023-09-19,0.00025883266612720474
2023-09-20,0.007014664451038077
2023-09-21,-0.01366199313993277
2023-09-22,0.003225343940292486
2023-09-25,-0.004580980852414335
2023-09-26,-0.008488367011878661
2023-09-27,-0.015270736211994486
2023-09-28,-0.00600213547461397
2023-09-29,-0.006633460391607326
2023-10-02,-0.009842104245885759
2023-10-03,-0.0029551953045940734
2023-10-04,-0.0033487861038288733
2023-10-05,-0.0010453767983574398
2023-10-06,0.007458615173471331
2023-10-09,0.010490108470351069
2023-10-10,0.006198645369741984
2023-10-11,0.0063206856067081355
2023-10-12,-0.0018706079095983437
2023-10-13,0.03060790174466398
2023-10-16,-0.003274031158004355
2023-10-17,0.0008324968566679965
2023-10-18,0.016813236521731816
2023-10-19,0.006677383090401854
2023-10-20,0.007137632114181281
2023-10-23,-0.0031322401557761035
2023-10-24,-0.0006580360180047346
2023-10-25,0.004597000160347399
2023-10-26,0.001561189672270813
2023-10-27,0.0007042731011225338
2023-10-30,0.003814487522985484
2023-10-31,-0.0055257086747362814
2023-11-01,-0.0032290150880346837
2023-11-02,0.003430498125605901
2023-11-03,0.0029670004669155115
2023-11-06,-0.004983536766928077
2023-11-07,-0.007496705490809856
2023-11-08,-0.007809573743291399
2023-11-09,0.006486705243964605
2023-11-10,-0.016218778932181384
2023-11-13,0.006652779492155402
2023-11-14,0.008343430595057662
2023-11-15,-0.0008669641439556413
2023-11-16,0.01206913677911117
2023-11-17,-0.001160029800050694
2023-11-20,-0.0019700582161406464
2023-11-21,0.010862615061766792
2023-11-22,-0.00395922248666503
2023-11-24,0.005408630384414501
2023-11-27,0.004783316372955456
2023-11-28,0.013772846290545529
2023-11-29,0.003621431258757891
2023-11-30,-0.004406156206906349
2023-12-01,0.016013593082084946
2023-12-04,-0.022906437155782847
2023-12-05,-0.002770483946805801
2023-12-06,0.005927406833356961
2023-12-07,-0.00029552536040616107
2023-12-08,-0.01568969924387106
2023-12-11,-0.01021061033941788
2023-12-12,-0.00010109265866683018
2023-12-13,0.0022726708042306704
2023-12-14,0.0238764749712153
2023-12-15,-0.004492380744304254
2023-12-18,0.00256958841333575
2023-12-19,0.005953704386447858
2023-12-20,-0.0019151099131709602
2023-12-21,0.002258433605997511
2023-12-22,0.008788749383462479
2023-12-26,0.0005345192470838028
2023-12-27,0.011449100696166307
2023-12-28,-0.0038500458433421737
2023-12-29,-0.0055605396969713086
2024-01-02,0.0009692741355228508
2024-01-03,-0.014736982781769346
2024-01-04,0.0039740504436172235
2024-01-05,4.895124937695209e-05
2024-01-08,-0.007766098913480351
2024-01-09,-9.86682319452515e-05
2024-01-10,-0.0023221142671955622
2024-01-11,-0.0036669527431482853
2024-01-12,0.015956951403282443
2024-01-16,-0.010165310319773104
2024-01-17,-0.011617081726109126
2024-01-18,0.007957865627687473
2024-01-19,0.0039059773581561485
2024-01-22,-0.003311646301174295
2024-01-23,0.0019289741822805175
2024-01-24,-0.004854342213876016
2024-01-25,0.0014885385122534204
2024-01-26,-4.9570163444326434e-05
2024-01-29,0.004156315901078261
2024-01-30,0.003105999442300761
2024-01-31,0.008284516486208303
2024-02-01,0.0022431851049437793
2024-02-02,-0.008265936631712335
2024-02-05,-0.005120905671782804
2024-02-06,0.004334792726306237
2024-02-07,0.0003439817122514089
2024-02-08,-0.0014751441294395143
2024-02-09,-0.004389060106493958
2024-02-12,-0.002523865081532603
2024-02-13,-0.012615124246704407
2024-02-14,-0.0013054709316034623
2024-02-15,0.005911211825203883
2024-02-16,0.004684094906416618
2024-02-20,0.007922794599725029
2024-02-21,-0.002568005317217988
2024-02-22,-0.0012865403339371805
2024-02-23,0.009314324420003009
2024-02-26,-0.004966682111913847
2024-02-27,0.0027076939620032797
2024-02-28,-0.0004917629801586159
2024-02-29,0.006227470697706523
2024-03-01,0.019939659139843434
2024-03-04,0.014650906546489963
2024-03-05,0.007433252615668022
2024-03-06,0.00784356635087546
2024-03-07,0.0035744768391498196
2024-03-08,0.009500646655496024
2024-03-11,0.001788495240181465
2024-03-12,-0.010177664197878154
2024-03-13,0.006919166252700285
2024-03-14,-0.0057163638155206895
2024-03-15,-0.0026386845425951824
2024-03-18,0.0015747582428707817
2024-03-19,-0.0020384080923120792
2024-03-20,0.0007416687251718953
2024-03-21,0.01128966261576579
2024-03-22,-0.011196893703511956
2024-03-25,0.00770847852509448
2024-03-26,0.0003678047123048936
2024-03-27,0.006870990033479146
2024-03-28,0.012159770828042574
2024-04-01,0.008576849575533693
2024-04-02,0.010895049405066982
2024-04-03,0.014664135564459967
2024-04-04,-0.002443644773025144
2024-04-05,0.015993363911782323
2024-04-08,0.002576546332762105
2024-04-09,0.005047944048811655
2024-04-10,-0.005948917440644637
2024-04-11,0.010759197967561912
2024-04-12,0.0005943121990892287
2024-04-15,0.00406612066202905
2024-04-16,0.010511806622644015
2024-04-17,-0.00802108139040866
2024-04-18,0.004459451082454631
2024-04-19,0.006735379565596977
2024-04-22,-0.02798980048135961
2024-04-23,-0.001931372558694458
2024-04-24,-0.0013756724603899396
2024-04-25,0.0022774857931127522
2024-04-26,0.0021438073190774686
2024-04-29,0.004529666146779777
2024-04-30,-0.02329297954868033
2024-05-01,0.0037026594091494527
2024-05-02,-0.0003043861623244103
2024-05-03,-8.696932457233537e-05
2024-05-06,0.00978239943094232
2024-05-07,-0.002760589407145369
2024-05-08,-0.0006912606128823438
2024-05-09,0.007964395898361993
2024-05-10,0.01498089474872309
2024-05-13,-0.013267171767020015
2024-05-14,0.007378135479851928
2024-05-15,0.014888214910604233
2024-05-16,-0.0036487767790969396
2024-05-17,0.013438686241467436
2024-05-20,0.008955695038778591
2024-05-21,-0.005025116242057949
2024-05-22,-0.01351119128257647
2024-05-23,-0.02294667031813439
2024-05-24,-0.0010712373814988035
2024-05-28,0.0096849750810076
2024-05-29,-0.0063464816760843545
2024-05-30,0.001110289464388048
2024-05-31,-0.00857307357068379
2024-06-03,0.010151150585457774
2024-06-04,-0.009032443941432378
2024-06-05,0.012223460620860391
2024-06-06,0.00685801971176186
2024-06-07,-0.027849130615993235
2024-06-10,0.0010839169709689002
2024-06-11,-8.664897474244984e-05
2024-06-12,0.012275377571110555
2024-06-13,-0.015444010517410593
2024-06-14,0.013472849167638714
2024-06-17,-0.008182999621581656
2024-06-18,0.007753980763100305
2024-06-20,0.009991179448078678
2024-06-21,-0.016016849994939065
2024-06-24,0.005854053366742159
2024-06-25,-0.0057676319065113404
2024-06-26,-0.0075394205654809275
2024-06-27,0.010943747042885628
2024-06-28,0.0013756724603899051
2024-07-01,-4.2898852745440194e-05
2024-07-02,-0.0019782819678747557
2024-07-03,0.01571743658704651
2024-07-05,0.012088663472560882
2024-07-08,-0.01403992502750996
2024-07-09,0.002078403578812869
2024-07-10,0.00511374163037859
2024-07-11,0.017881513074975274
2024-07-12,-0.0004141644291962591
2024-07-15,0.0036800068503831792
2024-07-16,0.016171314917783012
2024-07-17,-0.00309113301982428
2024-07-18,-0.0012228428297097356
2024-07-19,-0.02323049125293214
2024-07-22,-0.0014621412526544951
2024-07-23,0.005253774082549602
2024-07-24,0.0036115155414233003
2024-07-25,-0.025771655108934748
2024-07-26,0.011877017079959726
2024-07-29,-0.0011350772219737724
2024-07-30,0.011584493096314897
2024-07-31,0.008899986305409351
2024-08-01,0.0034968666714193194
2024-08-02,-0.0038266341350136172
2024-08-05,-0.00994332279261066
2024-08-06,-0.005260032745343863
2024-08-07,0.0005857822224360302
2024-08-08,0.013173648862206806
2024-08-09,0.0040789238864625725
2024-08-12,0.012381322610815695
2024-08-13,0.0017447607257966857
2024-08-14,-0.011129137775200023
2024-08-15,0.005600503269123787
2024-08-16,0.01837804343675201
2024-08-19,0.0012798782157230325
2024-08-20,0.0037900744796478744
2024-08-21,-0.0011555060403106994
2024-08-22,-0.011830186756921601
2024-08-23,0.011830186756921704
2024-08-26,0.003700706198852698
2024-08-27,-0.0006754281156969496
2024-08-28,-0.005979686942712076
2024-08-29,0.009827580801596993
2024-08-30,-0.012710561536922458
2024-09-03,-0.0015651613535240963
2024-09-04,0.0014046919562063706
2024-09-05,0.0071931259247034075
2024-09-06,-0.007152981683501989
2024-09-09,0.0033231463116611603
2024-09-10,0.004188195346663044
2024-09-11,-7.959205722123827e-05
2024-09-12,0.015444721969289848
2024-09-13,0.011729349341314652
2024-09-16,-0.0003487790851909712
2024-09-17,-0.00625883189495714
2024-09-18,0.00249266043134922
2024-09-19,0.006707160271705417
2024-09-20,0.01225073519220459
2024-09-23,0.002516049581020544
2024-09-24,0.009360187860914403
2024-09-25,0.003012958044237874
2024-09-26,0.004015674633472966
2024-09-27,-0.00963458348443632
2024-09-30,-0.0031058092325682647
2024-10-01,0.01176615388576509
2024-10-02,-0.007602005078805537
2024-10-03,0.003770601213994833
2024-10-04,-0.004261843753354774
2024-10-07,-0.00037802895454220627
2024-10-08,-0.011331369029670978
2024-10-09,-0.0034476188142327953
2024-10-10,0.0055868577505378105
2024-10-11,0.014020160169731887
2024-10-14,-0.0036943716604866234
2024-10-15,0.0051231384715043505
2024-10-16,0.004723215245810717
2024-10-17,0.006337393065017404
2024-10-18,0.00840012761358353
2024-10-21,0.0034579737223619676
2024-10-22,0.007718602631013913
2024-10-23,-0.01091867720094922
2024-10-24,0.007523937915991553
2024-10-25,0.002191461563702766
2024-10-28,0.00072942126259476
2024-10-29,0.009253781457162933
2024-10-30,0.007234316137240295
2024-10-31,-0.01816650912342701
2024-11-01,0.0001095688511384859
2024-11-04,-0.0009132920834320161
2024-11-05,0.0015338367843668287
2024-11-06,-0.02688819289182318
2024-11-07,0.011479740190580862
2024-11-08,-0.004047575121093911
2024-11-11,-0.0288015263656269
2024-11-12,-0.00429842206071789
2024-11-13,-0.00741199771886598
2024-11-14,-0.004894201906120731
2024-11-15,-0.0009739185590534587
2024-11-18,0.017348790536743833
2024-11-19,0.006300496006653572
2024-11-20,0.007999532098494133
2024-11-21,0.008984571185138249
2024-11-22,0.014046981134497769
2024-11-25,-0.03495948190340738
2024-11-26,0.001336617767776714
2024-11-27,0.007452166991228204
2024-11-29,0.006456666117155565
2024-12-02,-0.008352473231234763
2024-12-03,0.003712425318383127
2024-12-04,0.003434974654697664
2024-12-05,-0.010302322170881693
2024-12-06,0.004558239129528256
2024-12-09,0.00991798633808684
2024-12-10,0.012196028210303023
2024-12-11,0.013330075570755336
2024-12-12,-0.017081207143532985
2024-12-13,-0.011790161839593786
2024-12-16,-0.0017334660635325901
2024-12-17,-0.00264360600282425
2024-12-18,-0.0029918795594432402
2024-12-19,-0.01694536281780769
2024-12-20,0.01398249166131256
2024-12-23,-0.006258330803749558
2024-12-24,0.00294323974486273
2024-12-26,0.007149969097485895
2024-12-27,-0.008219261513672152
2024-12-30,-0.004250136932791706
2024-12-31,0.008824710411780469
2025-01-02,0.011232867866452192
2025-01-03,-0.005241401391997348
2025-01-06,-0.0024984295005021796
2025-01-07,0.006912096917743294
2025-01-08,0.0029316900271960217
2025-01-09,0.007217296123672955
2025-01-10,0.009161257237443541
2025-01-13,-0.013006500709167285
2025-01-14,0.001495047933117684
2025-01-15,0.012987195526811112
2025-01-16,0.012420208736854522
2025-01-17,-0.000764876477197021
2025-01-21,0.003891391478642485
2025-01-22,0.004563111323176753
2025-01-23,-0.0016272807543716752
2025-01-24,0.005125977145751084
2025-01-27,-0.014434155176814617
2025-01-28,0.010646340249542608
2025-01-29,0.000830957531606674
2025-01-30,0.019277756347583747
2025-01-31,-0.0037263817408137866
2025-02-03,0.007580052840268373
2025-02-04,0.006822415916365941
2025-02-05,0.006393163440626415
2025-02-06,-0.005447355250461389
2025-02-07,0.00394879297438717
2025-02-10,0.016258833046568513
2025-02-11,-0.0006178516064746903
2025-02-12,-0.0012024393787544148
2025-02-13,0.005792712774394366
2025-02-14,-0.014562544873085503
2025-02-18,0.01650883496677148
2025-02-19,-0.004170300117599673
2025-02-20,0.0070314990870447855
2025-02-21,-0.0008166266630073181
2025-02-24,0.003500064634192458
2025-02-25,-0.01483176087132524
2025-02-26,0.0042258832321174136
2025-02-27,-0.011586370186078948
2025-02-28,-0.016224097946286358
2025-03-03,0.01864901343751476
2025-03-04,0.00668996126638687
2025-03-05,0.001957098953760298
2025-03-06,0.0004458405723709752
2025-03-07,-0.004088489842890409
2025-03-10,-0.004727634903135915
2025-03-11,0.007546651957820141
2025-03-12,0.008954330271122598
2025-03-13,0.015261784579635519
2025-03-14,0.003412042879592822
2025-03-17,0.0018350159457296321
2025-03-18,0.011632116405335577
2025-03-19,0.00026348367390129166
2025-03-20,0.001349626670783865
2025-03-21,-0.007196904393713174
2025-03-24,-0.0016911295043418105
2025-03-25,0.0035117493782604987
2025-03-26,-0.0009264629905246514
2025-03-27,0.012925489441903849
2025-03-28,0.008557505502098309
2025-03-31,0.01169228804819296
2025-04-01,-0.0012497066576345498
2025-04-02,0.006710576935193882
2025-04-03,-0.013757020186500003
2025-04-04,-0.02782959105341858
2025-04-07,-0.02035854214521939
2025-04-08,0.0057772864227977104
2025-04-09,0.02924741627141751
2025-04-10,0.03178139946409088
2025-04-11,0.0210124709703548
2025-04-14,-0.00541463975573675
2025-04-15,0.004327834993182707
2025-04-16,0.03297325457193712
2025-04-17,-0.005395442489893157
2025-04-21,0.029041937846947277
2025-04-22,-0.0015865736672474797
2025-04-23,-0.03729596062718759
2025-04-24,0.016857972511505684
2025-04-25,-0.01499789191023496
2025-04-28,0.015147940676365497
2025-04-29,-0.004119486550149282
2025-04-30,-0.004166813216927875
2025-05-01,-0.02916553616172506
2025-05-02,0.006799232227835648
2025-05-05,0.024270706904035648
2025-05-06,0.029781859324395553
2025-05-07,-0.008832939557882192
2025-05-08,-0.025398132101867026
2025-05-09,0.011700918988177024
2025-05-12,-0.03521122337030222
2025-05-13,0.006284573623097743
2025-05-14,-0.018344612393290653
2025-05-15,0.012277391287757004
2025-05-16,-0.012088782158285714
2025-05-19,0.014631561796196542
2025-05-20,0.015793404801633753
2025-05-21,0.008801804902702907
2025-05-22,-0.005150277910234424
2025-05-23,0.021425434503964738
2025-05-27,-0.019362124406121534
2025-05-28,-0.0016685124798728683
2025-05-29,0.007109715550713264
2025-05-30,-0.008537804000789136
2025-06-02,0.02453766635895122
2025-06-03,-0.006070768059979941
2025-06-04,0.006930750112583484
